method,vs,seed,metric,mean_difference,ci_95_low,ci_95_high,p_bootstrap_two_sided,n_groups,n_subjects,groups_a_better,groups_b_better
clueground_canonical,medgrounder,13,coverage_iou,-0.01875302368143901,-0.04429729170711086,0.0058913399071086996,0.137,220,170,119,98
clueground_canonical,medgrounder,13,exact_union_iou,-0.015969763113980056,-0.04029820659919233,0.008813627543739723,0.211,220,170,118,99
clueground_canonical,medgrounder,13,set_f1_optimal_0_3,-0.05136363636363637,-0.10383555641058528,0.0010130970724190863,0.057,220,170,16,30
clueground_canonical,medgrounder,13,set_f1_optimal_0_5,-0.015151515151515152,-0.06634328358208957,0.03415340280163361,0.551,220,170,26,29
clueground_canonical,medgrounder,42,coverage_iou,0.0021399017921756216,-0.02151623191980661,0.024862766518563558,0.863,220,170,115,103
clueground_canonical,medgrounder,42,exact_union_iou,0.0062265213233587795,-0.017808087954826288,0.027962610513860925,0.62,220,170,116,102
clueground_canonical,medgrounder,42,set_f1_optimal_0_3,0.00727272727272727,-0.0465496782413406,0.05965122807017542,0.831,220,170,26,26
clueground_canonical,medgrounder,42,set_f1_optimal_0_5,-0.0037878787878787906,-0.05958799956082564,0.04795657042119306,0.905,220,170,32,32
clueground_canonical,medgrounder,2026,coverage_iou,-0.011023984997548378,-0.041207850530788334,0.017505308524303053,0.512,220,170,113,106
clueground_canonical,medgrounder,2026,exact_union_iou,-0.008511973913631529,-0.037942392748731124,0.019508970776865194,0.599,220,170,114,105
clueground_canonical,medgrounder,2026,set_f1_optimal_0_3,-0.056363636363636366,-0.1116910085558319,0.003555262413068057,0.059,220,170,19,37
clueground_canonical,medgrounder,2026,set_f1_optimal_0_5,-0.002272727272727277,-0.06528897849462366,0.06599451328754849,0.941,220,170,34,35
clueground_hybrid_base,medgrounder,13,coverage_iou,-0.01875302368143901,-0.04429729170711086,0.0058913399071086996,0.137,220,170,119,98
clueground_hybrid_base,medgrounder,13,exact_union_iou,-0.015969763113980056,-0.04029820659919233,0.008813627543739723,0.211,220,170,118,99
clueground_hybrid_base,medgrounder,13,set_f1_optimal_0_3,-0.05136363636363637,-0.10383555641058528,0.0010130970724190863,0.057,220,170,16,30
clueground_hybrid_base,medgrounder,13,set_f1_optimal_0_5,-0.015151515151515152,-0.06634328358208957,0.03415340280163361,0.551,220,170,26,29
clueground_hybrid_base,medgrounder,42,coverage_iou,-0.008164678592098058,-0.032434330561076224,0.014734852811018573,0.486,220,170,109,109
clueground_hybrid_base,medgrounder,42,exact_union_iou,-0.003996625418580895,-0.028790037054020393,0.019154762020839874,0.701,220,170,111,107
clueground_hybrid_base,medgrounder,42,set_f1_optimal_0_3,-0.006363636363636367,-0.06917406051581146,0.053826376367351776,0.771,220,170,26,30
clueground_hybrid_base,medgrounder,42,set_f1_optimal_0_5,-0.0022727272727272726,-0.056087258529419926,0.047926097948145084,0.937,220,170,32,31
clueground_hybrid_base,medgrounder,2026,coverage_iou,-0.011023984997548378,-0.041207850530788334,0.017505308524303053,0.512,220,170,113,106
clueground_hybrid_base,medgrounder,2026,exact_union_iou,-0.008511973913631529,-0.037942392748731124,0.019508970776865194,0.599,220,170,114,105
clueground_hybrid_base,medgrounder,2026,set_f1_optimal_0_3,-0.056363636363636366,-0.1116910085558319,0.003555262413068057,0.059,220,170,19,37
clueground_hybrid_base,medgrounder,2026,set_f1_optimal_0_5,-0.002272727272727277,-0.06528897849462366,0.06599451328754849,0.941,220,170,34,35
clueground_gate_always,medgrounder,13,coverage_iou,0.0015631819124873846,-0.021188204299067162,0.024576236035154488,0.879,220,170,124,93
clueground_gate_always,medgrounder,13,exact_union_iou,0.003586050413966207,-0.019162241843345987,0.02757862098549999,0.764,220,170,123,94
clueground_gate_always,medgrounder,13,set_f1_optimal_0_3,-0.015000000000000001,-0.06624458874458876,0.03613565891472862,0.587,220,170,22,28
clueground_gate_always,medgrounder,13,set_f1_optimal_0_5,-0.015151515151515152,-0.0691293517121379,0.03881468797564687,0.595,220,170,27,29
clueground_gate_always,medgrounder,42,coverage_iou,0.0021399017921756216,-0.02151623191980661,0.024862766518563558,0.863,220,170,115,103
clueground_gate_always,medgrounder,42,exact_union_iou,0.0062265213233587795,-0.017808087954826288,0.027962610513860925,0.62,220,170,116,102
clueground_gate_always,medgrounder,42,set_f1_optimal_0_3,0.00727272727272727,-0.0465496782413406,0.05965122807017542,0.831,220,170,26,26
clueground_gate_always,medgrounder,42,set_f1_optimal_0_5,-0.0037878787878787906,-0.05958799956082564,0.04795657042119306,0.905,220,170,32,32
clueground_gate_always,medgrounder,2026,coverage_iou,-0.004085187741322702,-0.029349577317992617,0.019364427516807153,0.807,220,170,105,113
clueground_gate_always,medgrounder,2026,exact_union_iou,-0.002139273972313091,-0.026919237854094596,0.021068341880432266,0.933,220,170,104,114
clueground_gate_always,medgrounder,2026,set_f1_optimal_0_3,-0.036666666666666674,-0.0908712447722121,0.01724840388175955,0.186,220,170,22,33
clueground_gate_always,medgrounder,2026,set_f1_optimal_0_5,-0.0037878787878787906,-0.06061440395140836,0.0553124909428165,0.869,220,170,32,33
reranker_noaux_valalpha,medgrounder,13,coverage_iou,0.008985617717132981,-0.012582962186500098,0.030861266114414473,0.401,220,170,126,91
reranker_noaux_valalpha,medgrounder,13,exact_union_iou,0.014219911273818237,-0.007193241995033999,0.03665116015965144,0.197,220,170,126,91
reranker_noaux_valalpha,medgrounder,13,set_f1_optimal_0_3,-0.005909090909090911,-0.05308205691782861,0.04292169153797211,0.826,220,170,20,25
reranker_noaux_valalpha,medgrounder,13,set_f1_optimal_0_5,0.011363636363636364,-0.04125954849006027,0.06190760105179465,0.659,220,170,33,27
reranker_noaux_valalpha,medgrounder,42,coverage_iou,0.00477115290427269,-0.020322703140367646,0.03001038389898048,0.739,220,170,117,101
reranker_noaux_valalpha,medgrounder,42,exact_union_iou,0.011537683158512545,-0.014111813790344284,0.037385079721592586,0.401,220,170,117,101
reranker_noaux_valalpha,medgrounder,42,set_f1_optimal_0_3,0.001212121212121212,-0.06123516349700942,0.05815620929222751,0.991,220,170,28,30
reranker_noaux_valalpha,medgrounder,42,set_f1_optimal_0_5,0.03106060606060606,-0.02902251562699324,0.09147565047202393,0.315,220,170,39,29
reranker_noaux_valalpha,medgrounder,2026,coverage_iou,0.011036038559381404,-0.013686053328246914,0.03523148324438476,0.396,220,170,123,96
reranker_noaux_valalpha,medgrounder,2026,exact_union_iou,0.013897614081038514,-0.010493466184178325,0.03793464671655916,0.274,220,170,123,96
reranker_noaux_valalpha,medgrounder,2026,set_f1_optimal_0_3,-0.035606060606060606,-0.08989540865851291,0.015488205900100986,0.183,220,170,19,33
reranker_noaux_valalpha,medgrounder,2026,set_f1_optimal_0_5,0.01090909090909091,-0.04673358460473653,0.07459772088905171,0.74,220,170,35,32
reranker_noaux_pooledalpha,medgrounder,13,coverage_iou,-0.024784264953521748,-0.0475521223358752,-0.0013074253165972867,0.036,220,170,108,108
reranker_noaux_pooledalpha,medgrounder,13,exact_union_iou,-0.018064011528800914,-0.04144304082793516,0.005627740922129554,0.133,220,170,112,104
reranker_noaux_pooledalpha,medgrounder,13,set_f1_optimal_0_3,-0.05818181818181818,-0.10724214554435542,-0.008525277252327447,0.022,220,170,16,33
reranker_noaux_pooledalpha,medgrounder,13,set_f1_optimal_0_5,-0.029545454545454545,-0.08633116883116884,0.029170330820770494,0.345,220,170,30,36
reranker_noaux_pooledalpha,medgrounder,42,coverage_iou,-0.002412103713949396,-0.025938537194287525,0.020054765917167316,0.823,220,170,109,109
reranker_noaux_pooledalpha,medgrounder,42,exact_union_iou,0.007290443162730321,-0.017213859565311254,0.029938211215923816,0.557,220,170,110,108
reranker_noaux_pooledalpha,medgrounder,42,set_f1_optimal_0_3,-0.009090909090909089,-0.06933676012461058,0.047408255607372815,0.704,220,170,26,29
reranker_noaux_pooledalpha,medgrounder,42,set_f1_optimal_0_5,0.029848484848484846,-0.022348255242463956,0.08541690891472868,0.273,220,170,36,28
reranker_noaux_pooledalpha,medgrounder,2026,coverage_iou,0.010751824854854222,-0.01283543746032033,0.03448229324109692,0.348,220,170,121,98
reranker_noaux_pooledalpha,medgrounder,2026,exact_union_iou,0.017089149017778887,-0.0062929325324600615,0.04035311939223526,0.142,220,170,124,95
reranker_noaux_pooledalpha,medgrounder,2026,set_f1_optimal_0_3,-0.019090909090909092,-0.06880771981073228,0.029475073014114946,0.447,220,170,20,29
reranker_noaux_pooledalpha,medgrounder,2026,set_f1_optimal_0_5,0.014545454545454545,-0.0457282336803034,0.07706394199327765,0.652,220,170,38,34
reranker_aux_valalpha,medgrounder,13,coverage_iou,0.005311082600947974,-0.016891366770380514,0.026646349775744937,0.629,220,170,123,94
reranker_aux_valalpha,medgrounder,13,exact_union_iou,0.010582383140640288,-0.010838510162537085,0.031614122988894586,0.334,220,170,124,93
reranker_aux_valalpha,medgrounder,13,set_f1_optimal_0_3,-0.02181818181818182,-0.06901370341276077,0.02686787749287741,0.369,220,170,16,25
reranker_aux_valalpha,medgrounder,13,set_f1_optimal_0_5,0.019696969696969695,-0.03227347834665088,0.07306052546744031,0.463,220,170,31,24
reranker_aux_valalpha,medgrounder,42,coverage_iou,0.014668865549005424,-0.006156187896999934,0.03597646464569995,0.169,220,170,120,97
reranker_aux_valalpha,medgrounder,42,exact_union_iou,0.023501157321514185,0.002512016120854144,0.04443213894896701,0.027,220,170,121,96
reranker_aux_valalpha,medgrounder,42,set_f1_optimal_0_3,0.02621212121212121,-0.03127391395154553,0.08011723770034673,0.392,220,170,29,24
reranker_aux_valalpha,medgrounder,42,set_f1_optimal_0_5,0.04924242424242424,-0.006610892712510618,0.10478650523423381,0.094,220,170,40,26
reranker_aux_valalpha,medgrounder,2026,coverage_iou,0.00147821410883538,-0.02460879406104775,0.025206286854260893,0.893,220,170,112,107
reranker_aux_valalpha,medgrounder,2026,exact_union_iou,0.00814791085866001,-0.016540021659151485,0.03171101428687724,0.471,220,170,117,102
reranker_aux_valalpha,medgrounder,2026,set_f1_optimal_0_3,-0.03954545454545454,-0.08898809051342092,0.009150735294117642,0.105,220,170,17,34
reranker_aux_valalpha,medgrounder,2026,set_f1_optimal_0_5,0.006969696969696965,-0.051774462515612955,0.06741284278014686,0.853,220,170,33,31
clueground_legacy_paper,medgrounder,13,coverage_iou,0.004424200607061034,-0.019732119916123222,0.027262464953230727,0.699,220,170,112,107
clueground_legacy_paper,medgrounder,13,exact_union_iou,0.006287104743998289,-0.01670707675887068,0.030317878848351878,0.602,220,170,115,104
clueground_legacy_paper,medgrounder,13,set_f1_optimal_0_3,-0.024393939393939395,-0.08300899811979585,0.028815934203289824,0.379,220,170,21,30
clueground_legacy_paper,medgrounder,13,set_f1_optimal_0_5,-0.013181818181818182,-0.06843533251733987,0.044206388778088,0.649,220,170,30,33
clueground_legacy_paper,medgrounder,42,coverage_iou,0.0017184576517738203,-0.024044744709444624,0.02686758718413204,0.887,220,170,121,97
clueground_legacy_paper,medgrounder,42,exact_union_iou,0.006711469486372489,-0.019231211159422362,0.03147119426221634,0.643,220,170,120,98
clueground_legacy_paper,medgrounder,42,set_f1_optimal_0_3,-0.03590909090909091,-0.1001918885518481,0.02946081815693881,0.256,220,170,23,36
clueground_legacy_paper,medgrounder,42,set_f1_optimal_0_5,0.03257575757575757,-0.024360884165694045,0.09044008760037539,0.267,220,170,34,27
clueground_legacy_paper,medgrounder,2026,coverage_iou,0.0046326320106610955,-0.0205528721492014,0.028787466883615935,0.69,220,170,108,110
clueground_legacy_paper,medgrounder,2026,exact_union_iou,0.008427081180574137,-0.01601304051859295,0.03202016313962152,0.497,220,170,109,109
clueground_legacy_paper,medgrounder,2026,set_f1_optimal_0_3,-0.023787878787878792,-0.07951169871794873,0.029390309500165482,0.398,220,170,21,34
clueground_legacy_paper,medgrounder,2026,set_f1_optimal_0_5,0.0045454545454545435,-0.05583536669582433,0.06307019689372625,0.882,220,170,30,31
