paper_table,paper_row,comparison_tier,protocol,train_split,validation_split,eval_split,eval_denominator,seeds,seed_scope,output_mode,paper_metrics,artifact_metrics,numeric_match,method_code,evaluation_code,split_source,primary_result_artifact,per_seed_artifact,status,important_notes
I,MedRPG,controlled local,direct-888,638 phrases,87 phrases,163 phrases,163,13/42/2026,official-code compatibility wrapper; full model 3 seeds,one evaluated top-ranked box,mIoU=0.5698 +/- 0.0069; Hit@0.3=0.8078; Hit@0.5=0.6442,mIoU=0.5698 +/- 0.0069; Hit@0.3=0.8078; Hit@0.5=0.6442,True,linux_transfer\controlled_direct_baseline_2x3090ti_20260719_v1\scripts\run_medrpg_train_compat_wrapper_v2.py ; third_party\MedRPG,linux_transfer\controlled_direct_baseline_2x3090ti_20260719_v1\scripts\evaluate_controlled_direct_baseline_matrix_v1.py ; src\baseline_repro\evaluator.py,experiments\ms_cxr_medrpg_fair_retrain_final_v1\data\single_box_full_phrase\train.csv ; experiments\ms_cxr_medrpg_fair_retrain_final_v1\data\single_box_full_phrase\val.csv ; experiments\ms_cxr_medrpg_fair_retrain_final_v1\data\single_box_full_phrase\eval.csv,experiments\baseline_table_verified_refresh\20260724_v1\controlled_singlebox_888.csv,private per-seed artifact; aggregate values are in results/main,VERIFIED,official-code compatibility wrapper; full model 3 seeds
I,TransVG,controlled local,direct-888,638 phrases,87 phrases,163 phrases,163,13/42/2026,official architecture/code with local wrapper; full model 3 seeds,one evaluated top-ranked box,mIoU=0.5660 +/- 0.0078; Hit@0.3=0.8262; Hit@0.5=0.6483,mIoU=0.5660 +/- 0.0078; Hit@0.3=0.8262; Hit@0.5=0.6483,True,linux_transfer\controlled_direct_baseline_2x3090ti_20260719_v1\scripts\run_transvg_train_compat_wrapper_v2.py ; third_party\TransVG,linux_transfer\controlled_direct_baseline_2x3090ti_20260719_v1\scripts\evaluate_controlled_direct_baseline_matrix_v1.py ; src\baseline_repro\evaluator.py,experiments\ms_cxr_medrpg_fair_retrain_final_v1\data\single_box_full_phrase\train.csv ; experiments\ms_cxr_medrpg_fair_retrain_final_v1\data\single_box_full_phrase\val.csv ; experiments\ms_cxr_medrpg_fair_retrain_final_v1\data\single_box_full_phrase\eval.csv,experiments\baseline_table_verified_refresh\20260724_v1\controlled_singlebox_888.csv,private per-seed artifact; aggregate values are in results/main,VERIFIED,official architecture/code with local wrapper; full model 3 seeds
I,MedGrounder,external-initialization local,direct-888,638 phrases,87 phrases,163 phrases,163,13/42/2026,external Chest ImaGenome initialization; full model 3 seeds,one evaluated top-ranked box,mIoU=0.5462 +/- 0.0028; Hit@0.3=0.7955; Hit@0.5=0.6135,mIoU=0.5462 +/- 0.0028; Hit@0.3=0.7955; Hit@0.5=0.6135,True,scripts\run_medgrounder_faithful_v2.py ; third_party\MedGrounder,src\baseline_repro\evaluator.py,experiments\ms_cxr_medrpg_fair_retrain_final_v1\data\single_box_full_phrase\train.csv ; experiments\ms_cxr_medrpg_fair_retrain_final_v1\data\single_box_full_phrase\val.csv ; experiments\ms_cxr_medrpg_fair_retrain_final_v1\data\single_box_full_phrase\eval.csv,experiments\baseline_table_verified_refresh\20260724_v1\controlled_singlebox_888.csv,experiments\baseline_table_verified_refresh\20260724_v1\medgrounder_independent_per_seed.csv,VERIFIED,external Chest ImaGenome initialization; full model 3 seeds
I,Grounding DINO-T,controlled local,direct-888,638 phrases,87 phrases,163 phrases,163,13/42/2026,architecture adaptation; full 3 seeds,one evaluated top-ranked box,mIoU=0.4740 +/- 0.0011; Hit@0.3=0.6646; Hit@0.5=0.5317,mIoU=0.4740 +/- 0.0011; Hit@0.3=0.6646; Hit@0.5=0.5317,True,scripts\run_grounding_dino_native_loss_correction_v2.py,src\baseline_repro\evaluator.py,experiments\ms_cxr_medrpg_fair_retrain_final_v1\data\single_box_full_phrase\train.csv ; experiments\ms_cxr_medrpg_fair_retrain_final_v1\data\single_box_full_phrase\val.csv ; experiments\ms_cxr_medrpg_fair_retrain_final_v1\data\single_box_full_phrase\eval.csv,experiments\baseline_table_verified_refresh\20260724_v1\controlled_singlebox_888.csv,experiments\baseline_faithful_reproduction\20260712_v2\corrections\strict888_direct_3seed_v1\runs\grounding_dino_native,VERIFIED,architecture adaptation; full 3 seeds
I,GuideDecoder adaptation,controlled local,direct-888,638 phrases,87 phrases,163 phrases,163,13/42/2026,segmentation-to-box adaptation; full 3 seeds,one evaluated top-ranked box,mIoU=0.4228 +/- 0.0046; Hit@0.3=0.5971; Hit@0.5=0.4724,mIoU=0.4228 +/- 0.0046; Hit@0.3=0.5971; Hit@0.5=0.4724,True,scripts\run_fair_baseline_expansion_v1.py ; src\fair_baselines\models.py ; third_party\LanGuideMedSeg,src\baseline_repro\evaluator.py,experiments\ms_cxr_medrpg_fair_retrain_final_v1\data\single_box_full_phrase\train.csv ; experiments\ms_cxr_medrpg_fair_retrain_final_v1\data\single_box_full_phrase\val.csv ; experiments\ms_cxr_medrpg_fair_retrain_final_v1\data\single_box_full_phrase\eval.csv,experiments\baseline_table_verified_refresh\20260724_v1\controlled_singlebox_888.csv,experiments\baseline_faithful_reproduction\20260712_v2\corrections\strict888_direct_3seed_v1\runs\guide_decoder,VERIFIED,segmentation-to-box adaptation; full 3 seeds
I,MDETR-style adaptation,controlled local,direct-888,638 phrases,87 phrases,163 phrases,163,13/42/2026,"local MDETR-inspired model, not an official MDETR reproduction; full 3 seeds",one evaluated top-ranked box,mIoU=0.4174 +/- 0.0069; Hit@0.3=0.6748; Hit@0.5=0.4029,mIoU=0.4174 +/- 0.0069; Hit@0.3=0.6748; Hit@0.5=0.4029,True,scripts\run_ms_cxr_mdetr_fair_baseline_v1.py,linux_transfer\controlled_direct_baseline_2x3090ti_20260719_v1\scripts\evaluate_controlled_direct_baseline_matrix_v1.py ; src\baseline_repro\evaluator.py,experiments\ms_cxr_medrpg_fair_retrain_final_v1\data\single_box_full_phrase\train.csv ; experiments\ms_cxr_medrpg_fair_retrain_final_v1\data\single_box_full_phrase\val.csv ; experiments\ms_cxr_medrpg_fair_retrain_final_v1\data\single_box_full_phrase\eval.csv,experiments\baseline_table_verified_refresh\20260724_v1\controlled_singlebox_888.csv,private per-seed artifact; aggregate values are in results/main,VERIFIED,"local MDETR-inspired model, not an official MDETR reproduction; full 3 seeds"
I,LViT,controlled local,direct-888,638 phrases,87 phrases,163 phrases,163,13/42/2026,segmentation-to-box adaptation; full 3 seeds,one evaluated top-ranked box,mIoU=0.3816 +/- 0.0033; Hit@0.3=0.5828; Hit@0.5=0.4192,mIoU=0.3816 +/- 0.0033; Hit@0.3=0.5828; Hit@0.5=0.4192,True,scripts\run_fair_baseline_expansion_v1.py ; src\fair_baselines\models.py ; third_party\LViT,src\baseline_repro\evaluator.py,experiments\ms_cxr_medrpg_fair_retrain_final_v1\data\single_box_full_phrase\train.csv ; experiments\ms_cxr_medrpg_fair_retrain_final_v1\data\single_box_full_phrase\val.csv ; experiments\ms_cxr_medrpg_fair_retrain_final_v1\data\single_box_full_phrase\eval.csv,experiments\baseline_table_verified_refresh\20260724_v1\controlled_singlebox_888.csv,experiments\baseline_faithful_reproduction\20260712_v2\corrections\strict888_direct_3seed_v1\runs\lvit,VERIFIED,segmentation-to-box adaptation; full 3 seeds
I,ClueGround,controlled local - ours,direct-888,638 phrases,87 phrases,163 phrases,163,13/42/2026,YOLO/RAD-DINO upstream 13/42/2026; validation selected base for all seeds,variable-cardinality prediction saved; top-ranked box evaluated,mIoU=0.5486 +/- 0.0107; Hit@0.3=0.7730; Hit@0.5=0.6258,mIoU=0.5486 +/- 0.0107; Hit@0.3=0.7730; Hit@0.5=0.6258,True,scripts\run_clueground_finding_moe_singlebox_888_no_siglip_score_ablation_v1.py ; scripts\run_ms_cxr_singlebox_full_pipeline_3seed_v2.py ; scripts\run_ms_cxr_singlebox_fair_yolo_dino_fusion_v1.py,src\baseline_repro\evaluator.py,experiments\ms_cxr_medrpg_fair_retrain_final_v1\data\single_box_full_phrase\train.csv ; experiments\ms_cxr_medrpg_fair_retrain_final_v1\data\single_box_full_phrase\val.csv ; experiments\ms_cxr_medrpg_fair_retrain_final_v1\data\single_box_full_phrase\eval.csv,experiments\clueground_finding_moe_singlebox_888_no_siglip_score_ablation_v1\FINAL_STATUS.json,experiments\clueground_finding_moe_singlebox_888_no_siglip_score_ablation_v1\per_seed_metrics.csv,SUPERSEDED_PRELIMINARY_PATH (VERIFIED),Preliminary hand-weighted scoring path of the submitted manuscript; superseded by the learned re-ranker rows (tables marked revised). No SigLIP/BioMedCLIP in the selected result. All three validation runs selected the saved hybrid base.
II,MedGrounder,external-initialization local,canonical-1444,813 groups / 996 boxes,124 groups / 164 boxes,220 groups / 280 boxes,220 phrase groups / 280 GT boxes,13/42/2026,variable; external Chest ImaGenome initialization; seeds 13/42/2026,variable set,C-IoU=0.5337 +/- 0.0036; U-IoU=0.5301 +/- 0.0044; F1@0.3=0.8007; F1@0.5=0.6069,C-IoU=0.5337 +/- 0.0036; U-IoU=0.5301 +/- 0.0044; F1@0.3=0.8007; F1@0.5=0.6069,True,scripts\run_medgrounder_faithful_v2.py ; third_party\MedGrounder,src\baseline_repro\evaluator.py,training\three_task_clueground_vfm_finding_conditioned_canonical_v3\protocols\task_isolated\mscxr_multibox_1444\train_inputs.jsonl ; training\three_task_clueground_vfm_finding_conditioned_canonical_v3\protocols\task_isolated\mscxr_multibox_1444\val_inputs.jsonl ; training\three_task_clueground_vfm_finding_conditioned_canonical_v3\protocols\task_isolated\mscxr_multibox_1444\eval_inputs.jsonl,experiments\baseline_table_verified_refresh\20260724_v1\controlled_multibox_1444.csv,experiments\baseline_table_verified_refresh\20260724_v1\medgrounder_independent_per_seed.csv,VERIFIED,variable; external Chest ImaGenome initialization
II,Grounding DINO-T,controlled local,canonical-1444,813 groups / 996 boxes,124 groups / 164 boxes,220 groups / 280 boxes,220 phrase groups / 280 GT boxes,13/42/2026,variable architecture adaptation; seeds 13/42/2026,variable set,C-IoU=0.5255 +/- 0.0164; U-IoU=0.4653 +/- 0.0094; F1@0.3=0.6713; F1@0.5=0.5277,C-IoU=0.5255 +/- 0.0164; U-IoU=0.4653 +/- 0.0094; F1@0.3=0.6713; F1@0.5=0.5277,True,scripts\run_grounding_dino_native_loss_correction_v2.py,src\baseline_repro\evaluator.py,training\three_task_clueground_vfm_finding_conditioned_canonical_v3\protocols\task_isolated\mscxr_multibox_1444\train_inputs.jsonl ; training\three_task_clueground_vfm_finding_conditioned_canonical_v3\protocols\task_isolated\mscxr_multibox_1444\val_inputs.jsonl ; training\three_task_clueground_vfm_finding_conditioned_canonical_v3\protocols\task_isolated\mscxr_multibox_1444\eval_inputs.jsonl,experiments\baseline_table_verified_refresh\20260724_v1\controlled_multibox_1444.csv,experiments\baseline_faithful_reproduction\20260712_v2\corrections\grounding_dino_native,VERIFIED,variable architecture adaptation
II,TransVG,controlled local,canonical-1444,813 groups / 996 boxes,124 groups / 164 boxes,220 groups / 280 boxes,220 phrase groups / 280 GT boxes,13/42/2026,forced one-box diagnostic; seeds 13/42/2026,one box,C-IoU=0.4891 +/- 0.0092; U-IoU=0.5419 +/- 0.0103; F1@0.3=0.6899; F1@0.5=0.4909,C-IoU=0.4891 +/- 0.0092; U-IoU=0.5419 +/- 0.0103; F1@0.3=0.6899; F1@0.5=0.4909,True,linux_transfer\controlled_direct_baseline_2x3090ti_20260719_v1\scripts\run_transvg_train_compat_wrapper_v2.py ; third_party\TransVG,linux_transfer\controlled_direct_baseline_2x3090ti_20260719_v1\scripts\evaluate_controlled_direct_baseline_matrix_v1.py ; src\baseline_repro\evaluator.py,training\three_task_clueground_vfm_finding_conditioned_canonical_v3\protocols\task_isolated\mscxr_multibox_1444\train_inputs.jsonl ; training\three_task_clueground_vfm_finding_conditioned_canonical_v3\protocols\task_isolated\mscxr_multibox_1444\val_inputs.jsonl ; training\three_task_clueground_vfm_finding_conditioned_canonical_v3\protocols\task_isolated\mscxr_multibox_1444\eval_inputs.jsonl,experiments\baseline_table_verified_refresh\20260724_v1\controlled_multibox_1444.csv,private per-seed artifact; aggregate values are in results/main,VERIFIED,forced one-box diagnostic
II,MedRPG,controlled local,canonical-1444,813 groups / 996 boxes,124 groups / 164 boxes,220 groups / 280 boxes,220 phrase groups / 280 GT boxes,13/42/2026,forced one-box diagnostic; seeds 13/42/2026,one box,C-IoU=0.4891 +/- 0.0039; U-IoU=0.5396 +/- 0.0044; F1@0.3=0.7013; F1@0.5=0.4904,C-IoU=0.4891 +/- 0.0039; U-IoU=0.5396 +/- 0.0044; F1@0.3=0.7013; F1@0.5=0.4904,True,linux_transfer\controlled_direct_baseline_2x3090ti_20260719_v1\scripts\run_medrpg_train_compat_wrapper_v2.py ; third_party\MedRPG,linux_transfer\controlled_direct_baseline_2x3090ti_20260719_v1\scripts\evaluate_controlled_direct_baseline_matrix_v1.py ; src\baseline_repro\evaluator.py,training\three_task_clueground_vfm_finding_conditioned_canonical_v3\protocols\task_isolated\mscxr_multibox_1444\train_inputs.jsonl ; training\three_task_clueground_vfm_finding_conditioned_canonical_v3\protocols\task_isolated\mscxr_multibox_1444\val_inputs.jsonl ; training\three_task_clueground_vfm_finding_conditioned_canonical_v3\protocols\task_isolated\mscxr_multibox_1444\eval_inputs.jsonl,experiments\baseline_table_verified_refresh\20260724_v1\controlled_multibox_1444.csv,private per-seed artifact; aggregate values are in results/main,VERIFIED,forced one-box diagnostic
II,GuideDecoder adaptation,controlled local,canonical-1444,813 groups / 996 boxes,124 groups / 164 boxes,220 groups / 280 boxes,220 phrase groups / 280 GT boxes,13/42/2026,variable segmentation-to-box adaptation; seeds 13/42/2026,variable set,C-IoU=0.4609 +/- 0.0051; U-IoU=0.4335 +/- 0.0121; F1@0.3=0.6351; F1@0.5=0.4572,C-IoU=0.4609 +/- 0.0051; U-IoU=0.4335 +/- 0.0121; F1@0.3=0.6351; F1@0.5=0.4572,True,scripts\run_fair_baseline_expansion_v1.py ; src\fair_baselines\models.py ; third_party\LanGuideMedSeg,src\baseline_repro\evaluator.py,training\three_task_clueground_vfm_finding_conditioned_canonical_v3\protocols\task_isolated\mscxr_multibox_1444\train_inputs.jsonl ; training\three_task_clueground_vfm_finding_conditioned_canonical_v3\protocols\task_isolated\mscxr_multibox_1444\val_inputs.jsonl ; training\three_task_clueground_vfm_finding_conditioned_canonical_v3\protocols\task_isolated\mscxr_multibox_1444\eval_inputs.jsonl,experiments\baseline_table_verified_refresh\20260724_v1\controlled_multibox_1444.csv,experiments\baseline_faithful_reproduction\20260712_v2\corrections\task_adaptations_phrase_group_v3\runs\guide_decoder,VERIFIED,variable segmentation-to-box adaptation
II,LViT,controlled local,canonical-1444,813 groups / 996 boxes,124 groups / 164 boxes,220 groups / 280 boxes,220 phrase groups / 280 GT boxes,13/42/2026,variable segmentation-to-box adaptation; seeds 13/42/2026,variable set,C-IoU=0.3994 +/- 0.0080; U-IoU=0.3797 +/- 0.0024; F1@0.3=0.5939; F1@0.5=0.3803,C-IoU=0.3994 +/- 0.0080; U-IoU=0.3797 +/- 0.0024; F1@0.3=0.5939; F1@0.5=0.3803,True,scripts\run_fair_baseline_expansion_v1.py ; src\fair_baselines\models.py ; third_party\LViT,src\baseline_repro\evaluator.py,training\three_task_clueground_vfm_finding_conditioned_canonical_v3\protocols\task_isolated\mscxr_multibox_1444\train_inputs.jsonl ; training\three_task_clueground_vfm_finding_conditioned_canonical_v3\protocols\task_isolated\mscxr_multibox_1444\val_inputs.jsonl ; training\three_task_clueground_vfm_finding_conditioned_canonical_v3\protocols\task_isolated\mscxr_multibox_1444\eval_inputs.jsonl,experiments\baseline_table_verified_refresh\20260724_v1\controlled_multibox_1444.csv,experiments\baseline_faithful_reproduction\20260712_v2\corrections\task_adaptations_phrase_group_v3\runs\lvit,VERIFIED,variable segmentation-to-box adaptation
II,MDETR-style adaptation,controlled local,canonical-1444,813 groups / 996 boxes,124 groups / 164 boxes,220 groups / 280 boxes,220 phrase groups / 280 GT boxes,13/42/2026,forced one-box local MDETR-inspired ablation; seeds 13/42/2026,one box,C-IoU=0.3664 +/- 0.0105; U-IoU=0.4117 +/- 0.0100; F1@0.3=0.5391; F1@0.5=0.3076,C-IoU=0.3664 +/- 0.0105; U-IoU=0.4117 +/- 0.0100; F1@0.3=0.5391; F1@0.5=0.3076,True,scripts\run_ms_cxr_mdetr_fair_baseline_v1.py,linux_transfer\controlled_direct_baseline_2x3090ti_20260719_v1\scripts\evaluate_controlled_direct_baseline_matrix_v1.py ; src\baseline_repro\evaluator.py,training\three_task_clueground_vfm_finding_conditioned_canonical_v3\protocols\task_isolated\mscxr_multibox_1444\train_inputs.jsonl ; training\three_task_clueground_vfm_finding_conditioned_canonical_v3\protocols\task_isolated\mscxr_multibox_1444\val_inputs.jsonl ; training\three_task_clueground_vfm_finding_conditioned_canonical_v3\protocols\task_isolated\mscxr_multibox_1444\eval_inputs.jsonl,experiments\baseline_table_verified_refresh\20260724_v1\controlled_multibox_1444.csv,private per-seed artifact; aggregate values are in results/main,VERIFIED,forced one-box local MDETR-inspired ablation
II,ClueGround,local ours - paper-selected legacy split path,legacy-1444,814 groups / 998 boxes,125 groups / 166 boxes,220 groups / 280 boxes (same examples as canonical eval),220 phrase groups / 280 GT boxes,13/42/2026,seed-specific hybrid/gate 13/42/2026 with fixed legacy semantic candidate table,variable set,C-IoU=0.5373 +/- 0.0035; U-IoU=0.5373 +/- 0.0035; F1@0.3=0.7727; F1@0.5=0.6148,C-IoU=0.5373 +/- 0.0035; U-IoU=0.5373 +/- 0.0035; F1@0.3=0.7727; F1@0.5=0.6148,True,scripts\run_clueground_finding_moe_full_upstream_no_siglip_score_ablation_v1.py ; scripts\run_clueground_finding_moe_full_upstream_siglip_only_3seed_v1.py ; scripts\run_ms_cxr_trainable_moe_gate_v1.py ; scripts\run_ms_cxr_multibox_rule_context_fusion_v4_yolov8l_pool.py,scripts\run_final_methodology_verification_v1.py ; src\baseline_repro\evaluator.py,training\three_task_clueground_vfm_finding_conditioned_v2\protocols\task_isolated\mscxr_multibox_1444\train_inputs.jsonl ; training\three_task_clueground_vfm_finding_conditioned_v2\protocols\task_isolated\mscxr_multibox_1444\val_inputs.jsonl ; training\three_task_clueground_vfm_finding_conditioned_v2\protocols\task_isolated\mscxr_multibox_1444\eval_inputs.jsonl,experiments\clueground_finding_moe_full_upstream_no_siglip_score_ablation_v1\FINAL_STATUS.json,experiments\clueground_finding_moe_full_upstream_no_siglip_score_ablation_v1\per_seed_metrics.csv,SUPERSEDED_PRELIMINARY_PATH (VERIFIED_WITH_HIGH_PRIORITY_METHOD_NOTE),"Preliminary hand-weighted scoring path of the submitted manuscript; superseded by the learned re-ranker rows (tables marked revised). This 0.5373 path is not the pure canonical hybrid-v4. It uses legacy 814/125 data, a fixed legacy candidate table with SigLIP columns removed, and a finding-conditioned gate. The train candidate table lacks score_head while val/eval contain it. Paper methods should disclose or rerun this path."
III,YOLO only,component ablation,direct-888,638 phrases,87 phrases,163 phrases,163,13/42/2026,"fixed final path, seeds 13/42/2026",top-ranked box,mIoU=0.5361 +/- 0.0170; Hit@0.3=0.7607; Hit@0.5=0.6155,mIoU=0.5361 +/- 0.0170; Hit@0.3=0.7607; Hit@0.5=0.6155,True,scripts\run_clueground_exact_final_ablation_v1.py,scripts\compile_clueground_exact_final_ablation_v1.py ; src\baseline_repro\evaluator.py,experiments\ms_cxr_medrpg_fair_retrain_final_v1\data\single_box_full_phrase\train.csv ; experiments\ms_cxr_medrpg_fair_retrain_final_v1\data\single_box_full_phrase\val.csv ; experiments\ms_cxr_medrpg_fair_retrain_final_v1\data\single_box_full_phrase\eval.csv,experiments\clueground_exact_final_ablation_v1\TABLE_III_COMPONENT_888.csv,experiments\clueground_exact_final_ablation_v1\per_seed_metrics.csv,SUPERSEDED_PRELIMINARY_PATH (VERIFIED),Preliminary hand-weighted scoring path of the submitted manuscript; superseded by the learned re-ranker rows (tables marked revised). Exact positive-control ablation: unchanged final candidates/fusion/decoder except the named visual arm.
III,RAD-DINO only,component ablation,direct-888,638 phrases,87 phrases,163 phrases,163,13/42/2026,"fixed final path, seeds 13/42/2026",top-ranked box,mIoU=0.4717 +/- 0.0016; Hit@0.3=0.7382; Hit@0.5=0.4867,mIoU=0.4717 +/- 0.0016; Hit@0.3=0.7382; Hit@0.5=0.4867,True,scripts\run_clueground_exact_final_ablation_v1.py,scripts\compile_clueground_exact_final_ablation_v1.py ; src\baseline_repro\evaluator.py,experiments\ms_cxr_medrpg_fair_retrain_final_v1\data\single_box_full_phrase\train.csv ; experiments\ms_cxr_medrpg_fair_retrain_final_v1\data\single_box_full_phrase\val.csv ; experiments\ms_cxr_medrpg_fair_retrain_final_v1\data\single_box_full_phrase\eval.csv,experiments\clueground_exact_final_ablation_v1\TABLE_III_COMPONENT_888.csv,experiments\clueground_exact_final_ablation_v1\per_seed_metrics.csv,SUPERSEDED_PRELIMINARY_PATH (VERIFIED),Preliminary hand-weighted scoring path of the submitted manuscript; superseded by the learned re-ranker rows (tables marked revised). Exact positive-control ablation: unchanged final candidates/fusion/decoder except the named visual arm.
III,YOLO + RAD-DINO,component ablation,direct-888,638 phrases,87 phrases,163 phrases,163,13/42/2026,"fixed final path, seeds 13/42/2026",top-ranked box,mIoU=0.5486 +/- 0.0107; Hit@0.3=0.7730; Hit@0.5=0.6258,mIoU=0.5486 +/- 0.0107; Hit@0.3=0.7730; Hit@0.5=0.6258,True,scripts\run_clueground_exact_final_ablation_v1.py,scripts\compile_clueground_exact_final_ablation_v1.py ; src\baseline_repro\evaluator.py,experiments\ms_cxr_medrpg_fair_retrain_final_v1\data\single_box_full_phrase\train.csv ; experiments\ms_cxr_medrpg_fair_retrain_final_v1\data\single_box_full_phrase\val.csv ; experiments\ms_cxr_medrpg_fair_retrain_final_v1\data\single_box_full_phrase\eval.csv,experiments\clueground_exact_final_ablation_v1\TABLE_III_COMPONENT_888.csv,experiments\clueground_exact_final_ablation_v1\per_seed_metrics.csv,SUPERSEDED_PRELIMINARY_PATH (VERIFIED),Preliminary hand-weighted scoring path of the submitted manuscript; superseded by the learned re-ranker rows (tables marked revised). Exact positive-control ablation: unchanged final candidates/fusion/decoder except the named visual arm.
IV,YOLO only,component ablation,legacy-1444 paper-selected path,814 groups / 998 boxes,125 groups / 166 boxes,220 groups / 280 boxes,220 groups / 280 boxes,13/42/2026,"fixed final path, seeds 13/42/2026",variable set,C-IoU=0.5157 +/- 0.0053; U-IoU=0.5143 +/- 0.0033; F1@0.3=0.7445; F1@0.5=0.5809; Count=1.2379,C-IoU=0.5157 +/- 0.0053; U-IoU=0.5143 +/- 0.0033; F1@0.3=0.7445; F1@0.5=0.5809; Count=1.2379,True,scripts\run_clueground_exact_final_ablation_v1.py,scripts\compile_clueground_exact_final_ablation_v1.py ; src\baseline_repro\evaluator.py,training\three_task_clueground_vfm_finding_conditioned_v2\protocols\task_isolated\mscxr_multibox_1444\train_inputs.jsonl ; training\three_task_clueground_vfm_finding_conditioned_v2\protocols\task_isolated\mscxr_multibox_1444\val_inputs.jsonl ; training\three_task_clueground_vfm_finding_conditioned_v2\protocols\task_isolated\mscxr_multibox_1444\eval_inputs.jsonl,experiments\clueground_exact_final_ablation_v1\TABLE_IV_COMPONENT_1444.csv,experiments\clueground_exact_final_ablation_v1\per_seed_metrics.csv,SUPERSEDED_PRELIMINARY_PATH (VERIFIED),Preliminary hand-weighted scoring path of the submitted manuscript; superseded by the learned re-ranker rows (tables marked revised). Exact positive-control ablation: unchanged final candidates/fusion/decoder except the named visual arm.
IV,RAD-DINO only,component ablation,legacy-1444 paper-selected path,814 groups / 998 boxes,125 groups / 166 boxes,220 groups / 280 boxes,220 groups / 280 boxes,13/42/2026,"fixed final path, seeds 13/42/2026",variable set,C-IoU=0.4033 +/- 0.0092; U-IoU=0.4441 +/- 0.0129; F1@0.3=0.6306; F1@0.5=0.3639; Count=1.0000,C-IoU=0.4033 +/- 0.0092; U-IoU=0.4441 +/- 0.0129; F1@0.3=0.6306; F1@0.5=0.3639; Count=1.0000,True,scripts\run_clueground_exact_final_ablation_v1.py,scripts\compile_clueground_exact_final_ablation_v1.py ; src\baseline_repro\evaluator.py,training\three_task_clueground_vfm_finding_conditioned_v2\protocols\task_isolated\mscxr_multibox_1444\train_inputs.jsonl ; training\three_task_clueground_vfm_finding_conditioned_v2\protocols\task_isolated\mscxr_multibox_1444\val_inputs.jsonl ; training\three_task_clueground_vfm_finding_conditioned_v2\protocols\task_isolated\mscxr_multibox_1444\eval_inputs.jsonl,experiments\clueground_exact_final_ablation_v1\TABLE_IV_COMPONENT_1444.csv,experiments\clueground_exact_final_ablation_v1\per_seed_metrics.csv,SUPERSEDED_PRELIMINARY_PATH (VERIFIED),Preliminary hand-weighted scoring path of the submitted manuscript; superseded by the learned re-ranker rows (tables marked revised). Exact positive-control ablation: unchanged final candidates/fusion/decoder except the named visual arm.
IV,YOLO + RAD-DINO,component ablation,legacy-1444 paper-selected path,814 groups / 998 boxes,125 groups / 166 boxes,220 groups / 280 boxes,220 groups / 280 boxes,13/42/2026,"fixed final path, seeds 13/42/2026",variable set,C-IoU=0.5373 +/- 0.0035; U-IoU=0.5373 +/- 0.0035; F1@0.3=0.7727; F1@0.5=0.6148; Count=1.2348,C-IoU=0.5373 +/- 0.0035; U-IoU=0.5373 +/- 0.0035; F1@0.3=0.7727; F1@0.5=0.6148; Count=1.2348,True,scripts\run_clueground_exact_final_ablation_v1.py,scripts\compile_clueground_exact_final_ablation_v1.py ; src\baseline_repro\evaluator.py,training\three_task_clueground_vfm_finding_conditioned_v2\protocols\task_isolated\mscxr_multibox_1444\train_inputs.jsonl ; training\three_task_clueground_vfm_finding_conditioned_v2\protocols\task_isolated\mscxr_multibox_1444\val_inputs.jsonl ; training\three_task_clueground_vfm_finding_conditioned_v2\protocols\task_isolated\mscxr_multibox_1444\eval_inputs.jsonl,experiments\clueground_exact_final_ablation_v1\TABLE_IV_COMPONENT_1444.csv,experiments\clueground_exact_final_ablation_v1\per_seed_metrics.csv,SUPERSEDED_PRELIMINARY_PATH (VERIFIED),Preliminary hand-weighted scoring path of the submitted manuscript; superseded by the learned re-ranker rows (tables marked revised). Exact positive-control ablation: unchanged final candidates/fusion/decoder except the named visual arm.
V,Full query,RAD-DINO query ablation,direct-888,638 phrases,87 phrases,163 phrases,163,13/42/2026,same trained checkpoint per seed; inference-time query masking,top-ranked box,mIoU=0.5486 +/- 0.0107; Hit@0.3=0.7730; Hit@0.5=0.6258,mIoU=0.5486 +/- 0.0107; Hit@0.3=0.7730; Hit@0.5=0.6258,True,scripts\run_clueground_exact_final_ablation_v1.py,scripts\compile_clueground_exact_final_ablation_v1.py ; src\baseline_repro\evaluator.py,experiments\ms_cxr_medrpg_fair_retrain_final_v1\data\single_box_full_phrase\train.csv ; experiments\ms_cxr_medrpg_fair_retrain_final_v1\data\single_box_full_phrase\val.csv ; experiments\ms_cxr_medrpg_fair_retrain_final_v1\data\single_box_full_phrase\eval.csv,experiments\clueground_exact_final_ablation_v1\TABLE_V_QUERY_888.csv,experiments\clueground_exact_final_ablation_v1\per_seed_metrics.csv,SUPERSEDED_PRELIMINARY_PATH (VERIFIED),Preliminary hand-weighted scoring path of the submitted manuscript; superseded by the learned re-ranker rows (tables marked revised). Only the named RAD-DINO query block is masked. Phrase information can remain in YOLO finding selection and the downstream rule-context decoder. The final checkpoint has no independent multiplicity block.
V,Image + finding,RAD-DINO query ablation,direct-888,638 phrases,87 phrases,163 phrases,163,13/42/2026,same trained checkpoint per seed; inference-time query masking,top-ranked box,mIoU=0.5288 +/- 0.0124; Hit@0.3=0.7423; Hit@0.5=0.6033,mIoU=0.5288 +/- 0.0124; Hit@0.3=0.7423; Hit@0.5=0.6033,True,scripts\run_clueground_exact_final_ablation_v1.py,scripts\compile_clueground_exact_final_ablation_v1.py ; src\baseline_repro\evaluator.py,experiments\ms_cxr_medrpg_fair_retrain_final_v1\data\single_box_full_phrase\train.csv ; experiments\ms_cxr_medrpg_fair_retrain_final_v1\data\single_box_full_phrase\val.csv ; experiments\ms_cxr_medrpg_fair_retrain_final_v1\data\single_box_full_phrase\eval.csv,experiments\clueground_exact_final_ablation_v1\TABLE_V_QUERY_888.csv,experiments\clueground_exact_final_ablation_v1\per_seed_metrics.csv,SUPERSEDED_PRELIMINARY_PATH (VERIFIED),Preliminary hand-weighted scoring path of the submitted manuscript; superseded by the learned re-ranker rows (tables marked revised). Only the named RAD-DINO query block is masked. Phrase information can remain in YOLO finding selection and the downstream rule-context decoder. The final checkpoint has no independent multiplicity block.
V,-f,RAD-DINO query ablation,direct-888,638 phrases,87 phrases,163 phrases,163,13/42/2026,same trained checkpoint per seed; inference-time query masking,top-ranked box,mIoU=0.5479 +/- 0.0118; Hit@0.3=0.7771; Hit@0.5=0.6217,mIoU=0.5479 +/- 0.0118; Hit@0.3=0.7771; Hit@0.5=0.6217,True,scripts\run_clueground_exact_final_ablation_v1.py,scripts\compile_clueground_exact_final_ablation_v1.py ; src\baseline_repro\evaluator.py,experiments\ms_cxr_medrpg_fair_retrain_final_v1\data\single_box_full_phrase\train.csv ; experiments\ms_cxr_medrpg_fair_retrain_final_v1\data\single_box_full_phrase\val.csv ; experiments\ms_cxr_medrpg_fair_retrain_final_v1\data\single_box_full_phrase\eval.csv,experiments\clueground_exact_final_ablation_v1\TABLE_V_QUERY_888.csv,experiments\clueground_exact_final_ablation_v1\per_seed_metrics.csv,SUPERSEDED_PRELIMINARY_PATH (VERIFIED),Preliminary hand-weighted scoring path of the submitted manuscript; superseded by the learned re-ranker rows (tables marked revised). Only the named RAD-DINO query block is masked. Phrase information can remain in YOLO finding selection and the downstream rule-context decoder. The final checkpoint has no independent multiplicity block.
V,-laterality,RAD-DINO query ablation,direct-888,638 phrases,87 phrases,163 phrases,163,13/42/2026,same trained checkpoint per seed; inference-time query masking,top-ranked box,mIoU=0.5418 +/- 0.0109; Hit@0.3=0.7648; Hit@0.5=0.6176,mIoU=0.5418 +/- 0.0109; Hit@0.3=0.7648; Hit@0.5=0.6176,True,scripts\run_clueground_exact_final_ablation_v1.py,scripts\compile_clueground_exact_final_ablation_v1.py ; src\baseline_repro\evaluator.py,experiments\ms_cxr_medrpg_fair_retrain_final_v1\data\single_box_full_phrase\train.csv ; experiments\ms_cxr_medrpg_fair_retrain_final_v1\data\single_box_full_phrase\val.csv ; experiments\ms_cxr_medrpg_fair_retrain_final_v1\data\single_box_full_phrase\eval.csv,experiments\clueground_exact_final_ablation_v1\TABLE_V_QUERY_888.csv,experiments\clueground_exact_final_ablation_v1\per_seed_metrics.csv,SUPERSEDED_PRELIMINARY_PATH (VERIFIED),Preliminary hand-weighted scoring path of the submitted manuscript; superseded by the learned re-ranker rows (tables marked revised). Only the named RAD-DINO query block is masked. Phrase information can remain in YOLO finding selection and the downstream rule-context decoder. The final checkpoint has no independent multiplicity block.
V,-vertical,RAD-DINO query ablation,direct-888,638 phrases,87 phrases,163 phrases,163,13/42/2026,same trained checkpoint per seed; inference-time query masking,top-ranked box,mIoU=0.5454 +/- 0.0150; Hit@0.3=0.7730; Hit@0.5=0.6237,mIoU=0.5454 +/- 0.0150; Hit@0.3=0.7730; Hit@0.5=0.6237,True,scripts\run_clueground_exact_final_ablation_v1.py,scripts\compile_clueground_exact_final_ablation_v1.py ; src\baseline_repro\evaluator.py,experiments\ms_cxr_medrpg_fair_retrain_final_v1\data\single_box_full_phrase\train.csv ; experiments\ms_cxr_medrpg_fair_retrain_final_v1\data\single_box_full_phrase\val.csv ; experiments\ms_cxr_medrpg_fair_retrain_final_v1\data\single_box_full_phrase\eval.csv,experiments\clueground_exact_final_ablation_v1\TABLE_V_QUERY_888.csv,experiments\clueground_exact_final_ablation_v1\per_seed_metrics.csv,SUPERSEDED_PRELIMINARY_PATH (VERIFIED),Preliminary hand-weighted scoring path of the submitted manuscript; superseded by the learned re-ranker rows (tables marked revised). Only the named RAD-DINO query block is masked. Phrase information can remain in YOLO finding selection and the downstream rule-context decoder. The final checkpoint has no independent multiplicity block.
V,-severity,RAD-DINO query ablation,direct-888,638 phrases,87 phrases,163 phrases,163,13/42/2026,same trained checkpoint per seed; inference-time query masking,top-ranked box,mIoU=0.5467 +/- 0.0109; Hit@0.3=0.7730; Hit@0.5=0.6176,mIoU=0.5467 +/- 0.0109; Hit@0.3=0.7730; Hit@0.5=0.6176,True,scripts\run_clueground_exact_final_ablation_v1.py,scripts\compile_clueground_exact_final_ablation_v1.py ; src\baseline_repro\evaluator.py,experiments\ms_cxr_medrpg_fair_retrain_final_v1\data\single_box_full_phrase\train.csv ; experiments\ms_cxr_medrpg_fair_retrain_final_v1\data\single_box_full_phrase\val.csv ; experiments\ms_cxr_medrpg_fair_retrain_final_v1\data\single_box_full_phrase\eval.csv,experiments\clueground_exact_final_ablation_v1\TABLE_V_QUERY_888.csv,experiments\clueground_exact_final_ablation_v1\per_seed_metrics.csv,SUPERSEDED_PRELIMINARY_PATH (VERIFIED),Preliminary hand-weighted scoring path of the submitted manuscript; superseded by the learned re-ranker rows (tables marked revised). Only the named RAD-DINO query block is masked. Phrase information can remain in YOLO finding selection and the downstream rule-context decoder. The final checkpoint has no independent multiplicity block.
V,-uncertainty,RAD-DINO query ablation,direct-888,638 phrases,87 phrases,163 phrases,163,13/42/2026,same trained checkpoint per seed; inference-time query masking,top-ranked box,mIoU=0.5487 +/- 0.0105; Hit@0.3=0.7710; Hit@0.5=0.6237,mIoU=0.5487 +/- 0.0105; Hit@0.3=0.7710; Hit@0.5=0.6237,True,scripts\run_clueground_exact_final_ablation_v1.py,scripts\compile_clueground_exact_final_ablation_v1.py ; src\baseline_repro\evaluator.py,experiments\ms_cxr_medrpg_fair_retrain_final_v1\data\single_box_full_phrase\train.csv ; experiments\ms_cxr_medrpg_fair_retrain_final_v1\data\single_box_full_phrase\val.csv ; experiments\ms_cxr_medrpg_fair_retrain_final_v1\data\single_box_full_phrase\eval.csv,experiments\clueground_exact_final_ablation_v1\TABLE_V_QUERY_888.csv,experiments\clueground_exact_final_ablation_v1\per_seed_metrics.csv,SUPERSEDED_PRELIMINARY_PATH (VERIFIED),Preliminary hand-weighted scoring path of the submitted manuscript; superseded by the learned re-ranker rows (tables marked revised). Only the named RAD-DINO query block is masked. Phrase information can remain in YOLO finding selection and the downstream rule-context decoder. The final checkpoint has no independent multiplicity block.
V,-raw phrase hash (vq),RAD-DINO query ablation,direct-888,638 phrases,87 phrases,163 phrases,163,13/42/2026,same trained checkpoint per seed; inference-time query masking,top-ranked box,mIoU=0.5459 +/- 0.0088; Hit@0.3=0.7730; Hit@0.5=0.6196,mIoU=0.5459 +/- 0.0088; Hit@0.3=0.7730; Hit@0.5=0.6196,True,scripts\run_clueground_exact_final_ablation_v1.py,scripts\compile_clueground_exact_final_ablation_v1.py ; src\baseline_repro\evaluator.py,experiments\ms_cxr_medrpg_fair_retrain_final_v1\data\single_box_full_phrase\train.csv ; experiments\ms_cxr_medrpg_fair_retrain_final_v1\data\single_box_full_phrase\val.csv ; experiments\ms_cxr_medrpg_fair_retrain_final_v1\data\single_box_full_phrase\eval.csv,experiments\clueground_exact_final_ablation_v1\TABLE_V_QUERY_888.csv,experiments\clueground_exact_final_ablation_v1\per_seed_metrics.csv,SUPERSEDED_PRELIMINARY_PATH (VERIFIED),Preliminary hand-weighted scoring path of the submitted manuscript; superseded by the learned re-ranker rows (tables marked revised). Only the named RAD-DINO query block is masked. Phrase information can remain in YOLO finding selection and the downstream rule-context decoder. The final checkpoint has no independent multiplicity block.
VI,Full query,RAD-DINO query ablation,legacy-1444 paper-selected path,814 groups / 998 boxes,125 groups / 166 boxes,220 groups / 280 boxes,220 groups / 280 boxes,13/42/2026,same trained checkpoint per seed; inference-time query masking,variable set,C-IoU=0.5373 +/- 0.0035; U-IoU=0.5373 +/- 0.0035; F1@0.3=0.7727; F1@0.5=0.6148,C-IoU=0.5373 +/- 0.0035; U-IoU=0.5373 +/- 0.0035; F1@0.3=0.7727; F1@0.5=0.6148,True,scripts\run_clueground_exact_final_ablation_v1.py,scripts\compile_clueground_exact_final_ablation_v1.py ; src\baseline_repro\evaluator.py,training\three_task_clueground_vfm_finding_conditioned_v2\protocols\task_isolated\mscxr_multibox_1444\train_inputs.jsonl ; training\three_task_clueground_vfm_finding_conditioned_v2\protocols\task_isolated\mscxr_multibox_1444\val_inputs.jsonl ; training\three_task_clueground_vfm_finding_conditioned_v2\protocols\task_isolated\mscxr_multibox_1444\eval_inputs.jsonl,experiments\clueground_exact_final_ablation_v1\TABLE_VI_QUERY_1444.csv,experiments\clueground_exact_final_ablation_v1\per_seed_metrics.csv,SUPERSEDED_PRELIMINARY_PATH (VERIFIED),Preliminary hand-weighted scoring path of the submitted manuscript; superseded by the learned re-ranker rows (tables marked revised). Only the named RAD-DINO query block is masked. Phrase information can remain in YOLO finding selection and the downstream rule-context decoder. The final checkpoint has no independent multiplicity block.
VI,Image + finding,RAD-DINO query ablation,legacy-1444 paper-selected path,814 groups / 998 boxes,125 groups / 166 boxes,220 groups / 280 boxes,220 groups / 280 boxes,13/42/2026,same trained checkpoint per seed; inference-time query masking,variable set,C-IoU=0.5232 +/- 0.0080; U-IoU=0.5226 +/- 0.0074; F1@0.3=0.7488; F1@0.5=0.5942,C-IoU=0.5232 +/- 0.0080; U-IoU=0.5226 +/- 0.0074; F1@0.3=0.7488; F1@0.5=0.5942,True,scripts\run_clueground_exact_final_ablation_v1.py,scripts\compile_clueground_exact_final_ablation_v1.py ; src\baseline_repro\evaluator.py,training\three_task_clueground_vfm_finding_conditioned_v2\protocols\task_isolated\mscxr_multibox_1444\train_inputs.jsonl ; training\three_task_clueground_vfm_finding_conditioned_v2\protocols\task_isolated\mscxr_multibox_1444\val_inputs.jsonl ; training\three_task_clueground_vfm_finding_conditioned_v2\protocols\task_isolated\mscxr_multibox_1444\eval_inputs.jsonl,experiments\clueground_exact_final_ablation_v1\TABLE_VI_QUERY_1444.csv,experiments\clueground_exact_final_ablation_v1\per_seed_metrics.csv,SUPERSEDED_PRELIMINARY_PATH (VERIFIED),Preliminary hand-weighted scoring path of the submitted manuscript; superseded by the learned re-ranker rows (tables marked revised). Only the named RAD-DINO query block is masked. Phrase information can remain in YOLO finding selection and the downstream rule-context decoder. The final checkpoint has no independent multiplicity block.
VI,-f,RAD-DINO query ablation,legacy-1444 paper-selected path,814 groups / 998 boxes,125 groups / 166 boxes,220 groups / 280 boxes,220 groups / 280 boxes,13/42/2026,same trained checkpoint per seed; inference-time query masking,variable set,C-IoU=0.5339 +/- 0.0047; U-IoU=0.5335 +/- 0.0042; F1@0.3=0.7654; F1@0.5=0.6068,C-IoU=0.5339 +/- 0.0047; U-IoU=0.5335 +/- 0.0042; F1@0.3=0.7654; F1@0.5=0.6068,True,scripts\run_clueground_exact_final_ablation_v1.py,scripts\compile_clueground_exact_final_ablation_v1.py ; src\baseline_repro\evaluator.py,training\three_task_clueground_vfm_finding_conditioned_v2\protocols\task_isolated\mscxr_multibox_1444\train_inputs.jsonl ; training\three_task_clueground_vfm_finding_conditioned_v2\protocols\task_isolated\mscxr_multibox_1444\val_inputs.jsonl ; training\three_task_clueground_vfm_finding_conditioned_v2\protocols\task_isolated\mscxr_multibox_1444\eval_inputs.jsonl,experiments\clueground_exact_final_ablation_v1\TABLE_VI_QUERY_1444.csv,experiments\clueground_exact_final_ablation_v1\per_seed_metrics.csv,SUPERSEDED_PRELIMINARY_PATH (VERIFIED),Preliminary hand-weighted scoring path of the submitted manuscript; superseded by the learned re-ranker rows (tables marked revised). Only the named RAD-DINO query block is masked. Phrase information can remain in YOLO finding selection and the downstream rule-context decoder. The final checkpoint has no independent multiplicity block.
VI,-laterality,RAD-DINO query ablation,legacy-1444 paper-selected path,814 groups / 998 boxes,125 groups / 166 boxes,220 groups / 280 boxes,220 groups / 280 boxes,13/42/2026,same trained checkpoint per seed; inference-time query masking,variable set,C-IoU=0.5334 +/- 0.0054; U-IoU=0.5334 +/- 0.0054; F1@0.3=0.7646; F1@0.5=0.6095,C-IoU=0.5334 +/- 0.0054; U-IoU=0.5334 +/- 0.0054; F1@0.3=0.7646; F1@0.5=0.6095,True,scripts\run_clueground_exact_final_ablation_v1.py,scripts\compile_clueground_exact_final_ablation_v1.py ; src\baseline_repro\evaluator.py,training\three_task_clueground_vfm_finding_conditioned_v2\protocols\task_isolated\mscxr_multibox_1444\train_inputs.jsonl ; training\three_task_clueground_vfm_finding_conditioned_v2\protocols\task_isolated\mscxr_multibox_1444\val_inputs.jsonl ; training\three_task_clueground_vfm_finding_conditioned_v2\protocols\task_isolated\mscxr_multibox_1444\eval_inputs.jsonl,experiments\clueground_exact_final_ablation_v1\TABLE_VI_QUERY_1444.csv,experiments\clueground_exact_final_ablation_v1\per_seed_metrics.csv,SUPERSEDED_PRELIMINARY_PATH (VERIFIED),Preliminary hand-weighted scoring path of the submitted manuscript; superseded by the learned re-ranker rows (tables marked revised). Only the named RAD-DINO query block is masked. Phrase information can remain in YOLO finding selection and the downstream rule-context decoder. The final checkpoint has no independent multiplicity block.
VI,-vertical,RAD-DINO query ablation,legacy-1444 paper-selected path,814 groups / 998 boxes,125 groups / 166 boxes,220 groups / 280 boxes,220 groups / 280 boxes,13/42/2026,same trained checkpoint per seed; inference-time query masking,variable set,C-IoU=0.5376 +/- 0.0042; U-IoU=0.5375 +/- 0.0040; F1@0.3=0.7712; F1@0.5=0.6196,C-IoU=0.5376 +/- 0.0042; U-IoU=0.5375 +/- 0.0040; F1@0.3=0.7712; F1@0.5=0.6196,True,scripts\run_clueground_exact_final_ablation_v1.py,scripts\compile_clueground_exact_final_ablation_v1.py ; src\baseline_repro\evaluator.py,training\three_task_clueground_vfm_finding_conditioned_v2\protocols\task_isolated\mscxr_multibox_1444\train_inputs.jsonl ; training\three_task_clueground_vfm_finding_conditioned_v2\protocols\task_isolated\mscxr_multibox_1444\val_inputs.jsonl ; training\three_task_clueground_vfm_finding_conditioned_v2\protocols\task_isolated\mscxr_multibox_1444\eval_inputs.jsonl,experiments\clueground_exact_final_ablation_v1\TABLE_VI_QUERY_1444.csv,experiments\clueground_exact_final_ablation_v1\per_seed_metrics.csv,SUPERSEDED_PRELIMINARY_PATH (VERIFIED),Preliminary hand-weighted scoring path of the submitted manuscript; superseded by the learned re-ranker rows (tables marked revised). Only the named RAD-DINO query block is masked. Phrase information can remain in YOLO finding selection and the downstream rule-context decoder. The final checkpoint has no independent multiplicity block.
VI,-severity,RAD-DINO query ablation,legacy-1444 paper-selected path,814 groups / 998 boxes,125 groups / 166 boxes,220 groups / 280 boxes,220 groups / 280 boxes,13/42/2026,same trained checkpoint per seed; inference-time query masking,variable set,C-IoU=0.5374 +/- 0.0042; U-IoU=0.5373 +/- 0.0041; F1@0.3=0.7727; F1@0.5=0.6156,C-IoU=0.5374 +/- 0.0042; U-IoU=0.5373 +/- 0.0041; F1@0.3=0.7727; F1@0.5=0.6156,True,scripts\run_clueground_exact_final_ablation_v1.py,scripts\compile_clueground_exact_final_ablation_v1.py ; src\baseline_repro\evaluator.py,training\three_task_clueground_vfm_finding_conditioned_v2\protocols\task_isolated\mscxr_multibox_1444\train_inputs.jsonl ; training\three_task_clueground_vfm_finding_conditioned_v2\protocols\task_isolated\mscxr_multibox_1444\val_inputs.jsonl ; training\three_task_clueground_vfm_finding_conditioned_v2\protocols\task_isolated\mscxr_multibox_1444\eval_inputs.jsonl,experiments\clueground_exact_final_ablation_v1\TABLE_VI_QUERY_1444.csv,experiments\clueground_exact_final_ablation_v1\per_seed_metrics.csv,SUPERSEDED_PRELIMINARY_PATH (VERIFIED),Preliminary hand-weighted scoring path of the submitted manuscript; superseded by the learned re-ranker rows (tables marked revised). Only the named RAD-DINO query block is masked. Phrase information can remain in YOLO finding selection and the downstream rule-context decoder. The final checkpoint has no independent multiplicity block.
VI,-uncertainty,RAD-DINO query ablation,legacy-1444 paper-selected path,814 groups / 998 boxes,125 groups / 166 boxes,220 groups / 280 boxes,220 groups / 280 boxes,13/42/2026,same trained checkpoint per seed; inference-time query masking,variable set,C-IoU=0.5373 +/- 0.0035; U-IoU=0.5372 +/- 0.0035; F1@0.3=0.7712; F1@0.5=0.6148,C-IoU=0.5373 +/- 0.0035; U-IoU=0.5372 +/- 0.0035; F1@0.3=0.7712; F1@0.5=0.6148,True,scripts\run_clueground_exact_final_ablation_v1.py,scripts\compile_clueground_exact_final_ablation_v1.py ; src\baseline_repro\evaluator.py,training\three_task_clueground_vfm_finding_conditioned_v2\protocols\task_isolated\mscxr_multibox_1444\train_inputs.jsonl ; training\three_task_clueground_vfm_finding_conditioned_v2\protocols\task_isolated\mscxr_multibox_1444\val_inputs.jsonl ; training\three_task_clueground_vfm_finding_conditioned_v2\protocols\task_isolated\mscxr_multibox_1444\eval_inputs.jsonl,experiments\clueground_exact_final_ablation_v1\TABLE_VI_QUERY_1444.csv,experiments\clueground_exact_final_ablation_v1\per_seed_metrics.csv,SUPERSEDED_PRELIMINARY_PATH (VERIFIED),Preliminary hand-weighted scoring path of the submitted manuscript; superseded by the learned re-ranker rows (tables marked revised). Only the named RAD-DINO query block is masked. Phrase information can remain in YOLO finding selection and the downstream rule-context decoder. The final checkpoint has no independent multiplicity block.
VI,-raw phrase hash (vq),RAD-DINO query ablation,legacy-1444 paper-selected path,814 groups / 998 boxes,125 groups / 166 boxes,220 groups / 280 boxes,220 groups / 280 boxes,13/42/2026,same trained checkpoint per seed; inference-time query masking,variable set,C-IoU=0.5319 +/- 0.0062; U-IoU=0.5319 +/- 0.0063; F1@0.3=0.7651; F1@0.5=0.6073,C-IoU=0.5319 +/- 0.0062; U-IoU=0.5319 +/- 0.0063; F1@0.3=0.7651; F1@0.5=0.6073,True,scripts\run_clueground_exact_final_ablation_v1.py,scripts\compile_clueground_exact_final_ablation_v1.py ; src\baseline_repro\evaluator.py,training\three_task_clueground_vfm_finding_conditioned_v2\protocols\task_isolated\mscxr_multibox_1444\train_inputs.jsonl ; training\three_task_clueground_vfm_finding_conditioned_v2\protocols\task_isolated\mscxr_multibox_1444\val_inputs.jsonl ; training\three_task_clueground_vfm_finding_conditioned_v2\protocols\task_isolated\mscxr_multibox_1444\eval_inputs.jsonl,experiments\clueground_exact_final_ablation_v1\TABLE_VI_QUERY_1444.csv,experiments\clueground_exact_final_ablation_v1\per_seed_metrics.csv,SUPERSEDED_PRELIMINARY_PATH (VERIFIED),Preliminary hand-weighted scoring path of the submitted manuscript; superseded by the learned re-ranker rows (tables marked revised). Only the named RAD-DINO query block is masked. Phrase information can remain in YOLO finding selection and the downstream rule-context decoder. The final checkpoint has no independent multiplicity block.
VII,Deterministic context,separately trained common context scorer,direct-888,638 phrases,87 phrases,163 phrases,163,13/42/2026,context scorer seeds 13/42/2026 over seed-paired visual candidates,top-ranked box,mIoU=0.5609 +/- 0.0049; Hit@0.3=0.8098; Hit@0.5=0.6237,mIoU=0.5609 +/- 0.0049; Hit@0.3=0.8098; Hit@0.5=0.6237,True,scripts\run_clueground_context_ablation_no_siglip_v2.py,src\baseline_repro\evaluator.py,experiments\ms_cxr_medrpg_fair_retrain_final_v1\data\single_box_full_phrase\train.csv ; experiments\ms_cxr_medrpg_fair_retrain_final_v1\data\single_box_full_phrase\val.csv ; experiments\ms_cxr_medrpg_fair_retrain_final_v1\data\single_box_full_phrase\eval.csv,experiments\clueground_context_ablation_no_siglip_v2\metrics\context_aggregate.csv,experiments\clueground_context_ablation_no_siglip_v2\metrics\context_per_seed.csv,VERIFIED,This is not an end-to-end replacement of the final ClueGround query. It changes a separate downstream context scorer while upstream phrase-conditioned candidates remain.
VII,SBERT,separately trained common context scorer,direct-888,638 phrases,87 phrases,163 phrases,163,13/42/2026,context scorer seeds 13/42/2026 over seed-paired visual candidates,top-ranked box,mIoU=0.5608 +/- 0.0066; Hit@0.3=0.8078; Hit@0.5=0.6278,mIoU=0.5608 +/- 0.0066; Hit@0.3=0.8078; Hit@0.5=0.6278,True,scripts\run_clueground_context_ablation_no_siglip_v2.py,src\baseline_repro\evaluator.py,experiments\ms_cxr_medrpg_fair_retrain_final_v1\data\single_box_full_phrase\train.csv ; experiments\ms_cxr_medrpg_fair_retrain_final_v1\data\single_box_full_phrase\val.csv ; experiments\ms_cxr_medrpg_fair_retrain_final_v1\data\single_box_full_phrase\eval.csv,experiments\clueground_context_ablation_no_siglip_v2\metrics\context_aggregate.csv,experiments\clueground_context_ablation_no_siglip_v2\metrics\context_per_seed.csv,VERIFIED,This is not an end-to-end replacement of the final ClueGround query. It changes a separate downstream context scorer while upstream phrase-conditioned candidates remain.
VII,Raw phrase hash,separately trained common context scorer,direct-888,638 phrases,87 phrases,163 phrases,163,13/42/2026,context scorer seeds 13/42/2026 over seed-paired visual candidates,top-ranked box,mIoU=0.5608 +/- 0.0049; Hit@0.3=0.8098; Hit@0.5=0.6278,mIoU=0.5608 +/- 0.0049; Hit@0.3=0.8098; Hit@0.5=0.6278,True,scripts\run_clueground_context_ablation_no_siglip_v2.py,src\baseline_repro\evaluator.py,experiments\ms_cxr_medrpg_fair_retrain_final_v1\data\single_box_full_phrase\train.csv ; experiments\ms_cxr_medrpg_fair_retrain_final_v1\data\single_box_full_phrase\val.csv ; experiments\ms_cxr_medrpg_fair_retrain_final_v1\data\single_box_full_phrase\eval.csv,experiments\clueground_context_ablation_no_siglip_v2\metrics\context_aggregate.csv,experiments\clueground_context_ablation_no_siglip_v2\metrics\context_per_seed.csv,VERIFIED,This is not an end-to-end replacement of the final ClueGround query. It changes a separate downstream context scorer while upstream phrase-conditioned candidates remain.
VII,Qwen2.5-0.5B,separately trained common context scorer,direct-888,638 phrases,87 phrases,163 phrases,163,13/42/2026,context scorer seeds 13/42/2026 over seed-paired visual candidates,top-ranked box,mIoU=0.5608 +/- 0.0040; Hit@0.3=0.8098; Hit@0.5=0.6299,mIoU=0.5608 +/- 0.0040; Hit@0.3=0.8098; Hit@0.5=0.6299,True,scripts\run_clueground_context_ablation_no_siglip_v2.py,src\baseline_repro\evaluator.py,experiments\ms_cxr_medrpg_fair_retrain_final_v1\data\single_box_full_phrase\train.csv ; experiments\ms_cxr_medrpg_fair_retrain_final_v1\data\single_box_full_phrase\val.csv ; experiments\ms_cxr_medrpg_fair_retrain_final_v1\data\single_box_full_phrase\eval.csv,experiments\clueground_context_ablation_no_siglip_v2\metrics\context_aggregate.csv,experiments\clueground_context_ablation_no_siglip_v2\metrics\context_per_seed.csv,VERIFIED,This is not an end-to-end replacement of the final ClueGround query. It changes a separate downstream context scorer while upstream phrase-conditioned candidates remain.
VII narrative (1444),Raw phrase hash,separately trained common context scorer,legacy-1444 visual candidate path,814 groups,125 groups,220 groups / 280 boxes,220 groups / 280 boxes,13/42/2026,context scorer seeds 13/42/2026,variable set,C-IoU=0.5369,C-IoU=0.5369,True,scripts\run_clueground_context_ablation_no_siglip_v2.py,src\baseline_repro\evaluator.py,training\three_task_clueground_vfm_finding_conditioned_v2\protocols\task_isolated\mscxr_multibox_1444\train_inputs.jsonl ; training\three_task_clueground_vfm_finding_conditioned_v2\protocols\task_isolated\mscxr_multibox_1444\val_inputs.jsonl ; training\three_task_clueground_vfm_finding_conditioned_v2\protocols\task_isolated\mscxr_multibox_1444\eval_inputs.jsonl,experiments\clueground_context_ablation_no_siglip_v2\metrics\context_aggregate.csv,experiments\clueground_context_ablation_no_siglip_v2\metrics\context_per_seed.csv,VERIFIED,The PDF reports these 1444 values in prose rather than as Table VII columns.
VII narrative (1444),SBERT,separately trained common context scorer,legacy-1444 visual candidate path,814 groups,125 groups,220 groups / 280 boxes,220 groups / 280 boxes,13/42/2026,context scorer seeds 13/42/2026,variable set,C-IoU=0.5359,C-IoU=0.5359,True,scripts\run_clueground_context_ablation_no_siglip_v2.py,src\baseline_repro\evaluator.py,training\three_task_clueground_vfm_finding_conditioned_v2\protocols\task_isolated\mscxr_multibox_1444\train_inputs.jsonl ; training\three_task_clueground_vfm_finding_conditioned_v2\protocols\task_isolated\mscxr_multibox_1444\val_inputs.jsonl ; training\three_task_clueground_vfm_finding_conditioned_v2\protocols\task_isolated\mscxr_multibox_1444\eval_inputs.jsonl,experiments\clueground_context_ablation_no_siglip_v2\metrics\context_aggregate.csv,experiments\clueground_context_ablation_no_siglip_v2\metrics\context_per_seed.csv,VERIFIED,The PDF reports these 1444 values in prose rather than as Table VII columns.
VII narrative (1444),Qwen2.5-0.5B,separately trained common context scorer,legacy-1444 visual candidate path,814 groups,125 groups,220 groups / 280 boxes,220 groups / 280 boxes,13/42/2026,context scorer seeds 13/42/2026,variable set,C-IoU=0.5373,C-IoU=0.5373,True,scripts\run_clueground_context_ablation_no_siglip_v2.py,src\baseline_repro\evaluator.py,training\three_task_clueground_vfm_finding_conditioned_v2\protocols\task_isolated\mscxr_multibox_1444\train_inputs.jsonl ; training\three_task_clueground_vfm_finding_conditioned_v2\protocols\task_isolated\mscxr_multibox_1444\val_inputs.jsonl ; training\three_task_clueground_vfm_finding_conditioned_v2\protocols\task_isolated\mscxr_multibox_1444\eval_inputs.jsonl,experiments\clueground_context_ablation_no_siglip_v2\metrics\context_aggregate.csv,experiments\clueground_context_ablation_no_siglip_v2\metrics\context_per_seed.csv,VERIFIED,The PDF reports these 1444 values in prose rather than as Table VII columns.
VII narrative (1444),Deterministic context,separately trained common context scorer,legacy-1444 visual candidate path,814 groups,125 groups,220 groups / 280 boxes,220 groups / 280 boxes,13/42/2026,context scorer seeds 13/42/2026,variable set,C-IoU=0.5323,C-IoU=0.5323,True,scripts\run_clueground_context_ablation_no_siglip_v2.py,src\baseline_repro\evaluator.py,training\three_task_clueground_vfm_finding_conditioned_v2\protocols\task_isolated\mscxr_multibox_1444\train_inputs.jsonl ; training\three_task_clueground_vfm_finding_conditioned_v2\protocols\task_isolated\mscxr_multibox_1444\val_inputs.jsonl ; training\three_task_clueground_vfm_finding_conditioned_v2\protocols\task_isolated\mscxr_multibox_1444\eval_inputs.jsonl,experiments\clueground_context_ablation_no_siglip_v2\metrics\context_aggregate.csv,experiments\clueground_context_ablation_no_siglip_v2\metrics\context_per_seed.csv,VERIFIED,The PDF reports these 1444 values in prose rather than as Table VII columns.
VIII,AGPT released TransVG,released reference,local singleton-163 inference view,released pretraining/retraining provenance not locally controlled,released thresholds/checkpoint,163 phrases,163,released,released deterministic checkpoint/inference,one-box or parsed released output,mIoU=0.6803; Hit@0.3=0.9264; Hit@0.5=0.7853,mIoU=0.6803; Hit@0.3=0.9264; Hit@0.5=0.7853,True,scripts\run_agpt_singlebox_eval_v1.py ; third_party\AGPT,src\baseline_repro\evaluator.py,experiments\ms_cxr_medrpg_fair_retrain_final_v1\data\single_box_full_phrase\train.csv ; experiments\ms_cxr_medrpg_fair_retrain_final_v1\data\single_box_full_phrase\val.csv ; experiments\ms_cxr_medrpg_fair_retrain_final_v1\data\single_box_full_phrase\eval.csv,experiments\baseline_table_verified_refresh\20260724_v1\released_singlebox_888.csv,,REFERENCE_ONLY,Not a same-split controlled retrain. AGPT/M4CXR have training-overlap diagnostics; MAIRA-2 is cross-protocol; VICCA is inference-only.
VIII,M4CXR released,released reference,local singleton-163 inference view,released pretraining/retraining provenance not locally controlled,released thresholds/checkpoint,163 phrases,163,released,released deterministic checkpoint/inference,one-box or parsed released output,mIoU=0.5962; Hit@0.3=0.8834; Hit@0.5=0.6748,mIoU=0.5962; Hit@0.3=0.8834; Hit@0.5=0.6748,True,src\vlm_reference\m4cxr_runner.py ; third_party\M4CXR-TNNLS,src\baseline_repro\evaluator.py,experiments\ms_cxr_medrpg_fair_retrain_final_v1\data\single_box_full_phrase\train.csv ; experiments\ms_cxr_medrpg_fair_retrain_final_v1\data\single_box_full_phrase\val.csv ; experiments\ms_cxr_medrpg_fair_retrain_final_v1\data\single_box_full_phrase\eval.csv,experiments\baseline_table_verified_refresh\20260724_v1\released_singlebox_888.csv,,REFERENCE_ONLY,Not a same-split controlled retrain. AGPT/M4CXR have training-overlap diagnostics; MAIRA-2 is cross-protocol; VICCA is inference-only.
VIII,MAIRA-2 released,released reference,local singleton-163 inference view,released pretraining/retraining provenance not locally controlled,released thresholds/checkpoint,163 phrases,163,released,released deterministic checkpoint/inference,one-box or parsed released output,mIoU=0.5848; Hit@0.3=0.8528; Hit@0.5=0.6442,mIoU=0.5848; Hit@0.3=0.8528; Hit@0.5=0.6442,True,src\vlm_reference\maira2_runner.py,src\baseline_repro\evaluator.py,experiments\ms_cxr_medrpg_fair_retrain_final_v1\data\single_box_full_phrase\train.csv ; experiments\ms_cxr_medrpg_fair_retrain_final_v1\data\single_box_full_phrase\val.csv ; experiments\ms_cxr_medrpg_fair_retrain_final_v1\data\single_box_full_phrase\eval.csv,experiments\baseline_table_verified_refresh\20260724_v1\released_singlebox_888.csv,,REFERENCE_ONLY,Not a same-split controlled retrain. AGPT/M4CXR have training-overlap diagnostics; MAIRA-2 is cross-protocol; VICCA is inference-only.
VIII,VICCA released phrase grounder,released reference,local singleton-163 inference view,released pretraining/retraining provenance not locally controlled,released thresholds/checkpoint,163 phrases,163,released,released deterministic checkpoint/inference,one-box or parsed released output,mIoU=0.2553; Hit@0.3=0.3313; Hit@0.5=0.3006,mIoU=0.2553; Hit@0.3=0.3313; Hit@0.5=0.3006,True,src\vlm_reference\vicca_runner.py,src\baseline_repro\evaluator.py,experiments\ms_cxr_medrpg_fair_retrain_final_v1\data\single_box_full_phrase\train.csv ; experiments\ms_cxr_medrpg_fair_retrain_final_v1\data\single_box_full_phrase\val.csv ; experiments\ms_cxr_medrpg_fair_retrain_final_v1\data\single_box_full_phrase\eval.csv,experiments\baseline_table_verified_refresh\20260724_v1\released_singlebox_888.csv,,REFERENCE_ONLY,Not a same-split controlled retrain. AGPT/M4CXR have training-overlap diagnostics; MAIRA-2 is cross-protocol; VICCA is inference-only.
IX,MAIRA-2 released,released reference,1444 eval inference view,released pretraining/retraining provenance not locally controlled,released thresholds/checkpoint,220 groups / 280 boxes,220 groups / 280 boxes,released,released deterministic checkpoint/inference,released parsed output,C-IoU=0.5692; U-IoU=0.5717; F1@0.3=0.8400; F1@0.5=0.6139,C-IoU=0.5692; U-IoU=0.5717; F1@0.3=0.8400; F1@0.5=0.6139,True,src\vlm_reference\maira2_runner.py,src\baseline_repro\evaluator.py,training\three_task_clueground_vfm_finding_conditioned_canonical_v3\protocols\task_isolated\mscxr_multibox_1444\train_inputs.jsonl ; training\three_task_clueground_vfm_finding_conditioned_canonical_v3\protocols\task_isolated\mscxr_multibox_1444\val_inputs.jsonl ; training\three_task_clueground_vfm_finding_conditioned_canonical_v3\protocols\task_isolated\mscxr_multibox_1444\eval_inputs.jsonl,experiments\baseline_table_verified_refresh\20260724_v1\released_multibox_1444.csv,,REFERENCE_ONLY,Not a same-split controlled retrain; keep separate from Tables I-II.
IX,M4CXR released,released reference,1444 eval inference view,released pretraining/retraining provenance not locally controlled,released thresholds/checkpoint,220 groups / 280 boxes,220 groups / 280 boxes,released,released deterministic checkpoint/inference,released parsed output,C-IoU=0.4986; U-IoU=0.5115; F1@0.3=0.7758; F1@0.5=0.5705,C-IoU=0.4986; U-IoU=0.5115; F1@0.3=0.7758; F1@0.5=0.5705,True,src\vlm_reference\m4cxr_runner.py ; third_party\M4CXR-TNNLS,src\baseline_repro\evaluator.py,training\three_task_clueground_vfm_finding_conditioned_canonical_v3\protocols\task_isolated\mscxr_multibox_1444\train_inputs.jsonl ; training\three_task_clueground_vfm_finding_conditioned_canonical_v3\protocols\task_isolated\mscxr_multibox_1444\val_inputs.jsonl ; training\three_task_clueground_vfm_finding_conditioned_canonical_v3\protocols\task_isolated\mscxr_multibox_1444\eval_inputs.jsonl,experiments\baseline_table_verified_refresh\20260724_v1\released_multibox_1444.csv,,REFERENCE_ONLY,Not a same-split controlled retrain; keep separate from Tables I-II.
IX,AGPT released TransVG forced one-box,released reference,1444 eval inference view,released pretraining/retraining provenance not locally controlled,released thresholds/checkpoint,220 groups / 280 boxes,220 groups / 280 boxes,released,released deterministic checkpoint/inference,forced one-box,C-IoU=0.4858; U-IoU=0.4939; F1@0.3=0.7500; F1@0.5=0.5500,C-IoU=0.4858; U-IoU=0.4939; F1@0.3=0.7500; F1@0.5=0.5500,True,scripts\compile_agpt_forced_multibox_reference_v1.py ; third_party\AGPT,src\baseline_repro\evaluator.py,training\three_task_clueground_vfm_finding_conditioned_canonical_v3\protocols\task_isolated\mscxr_multibox_1444\train_inputs.jsonl ; training\three_task_clueground_vfm_finding_conditioned_canonical_v3\protocols\task_isolated\mscxr_multibox_1444\val_inputs.jsonl ; training\three_task_clueground_vfm_finding_conditioned_canonical_v3\protocols\task_isolated\mscxr_multibox_1444\eval_inputs.jsonl,experiments\baseline_table_verified_refresh\20260724_v1\released_multibox_1444.csv,,REFERENCE_ONLY,Not a same-split controlled retrain; keep separate from Tables I-II.
IX,VICCA released phrase grounder,released reference,1444 eval inference view,released pretraining/retraining provenance not locally controlled,released thresholds/checkpoint,220 groups / 280 boxes,220 groups / 280 boxes,released,released deterministic checkpoint/inference,released parsed output,C-IoU=0.2454; U-IoU=0.2279; F1@0.3=0.1727; F1@0.5=0.1547,C-IoU=0.2454; U-IoU=0.2279; F1@0.3=0.1727; F1@0.5=0.1547,True,src\vlm_reference\vicca_runner.py,src\baseline_repro\evaluator.py,training\three_task_clueground_vfm_finding_conditioned_canonical_v3\protocols\task_isolated\mscxr_multibox_1444\train_inputs.jsonl ; training\three_task_clueground_vfm_finding_conditioned_canonical_v3\protocols\task_isolated\mscxr_multibox_1444\val_inputs.jsonl ; training\three_task_clueground_vfm_finding_conditioned_canonical_v3\protocols\task_isolated\mscxr_multibox_1444\eval_inputs.jsonl,experiments\baseline_table_verified_refresh\20260724_v1\released_multibox_1444.csv,,REFERENCE_ONLY,Not a same-split controlled retrain; keep separate from Tables I-II.
X / Figure 2,Qualitative examples,qualitative,888 and 1444,,,selected examples,not a metric,42 sources used by current local builder,qualitative source predictions,visual overlays,none,none,True,paper_drafts\clueground_vfm_overleaf_v1\scripts\build_qualitative_example_library.py,,,paper_drafts\clueground_vfm_overleaf_v1\figures\qualitative_example_library,,SOURCE_GAP,The exact TeX/figure source embedded in the current PDF was not found. The local library and builder are the closest traceable sources and may represent an earlier layout.
I (revised),ClueGround (learned re-ranker),controlled local - ours,canonical-1444,813 groups / 996 boxes,124 groups / 164 boxes,220 groups / 280 boxes,220 phrase groups / 280 GT boxes,13/42/2026,"seed-specific YOLO detectors, RAD-DINO head, re-ranker, alpha and fusion calibration for 13/42/2026; no shared auxiliary assets",variable set,C-IoU=0.5419 +/- 0.0034; U-IoU=0.5433 +/- 0.0050; F1@0.3=0.7873; F1@0.5=0.6246,C-IoU=0.5419 +/- 0.0034; U-IoU=0.5433 +/- 0.0050; F1@0.3=0.7873; F1@0.5=0.6246,True,scripts\run_clueground_canonical_learned_reranker_3seed_v1.py (--variants learned --no-aux-assets --alpha-selection val),src\baseline_repro\evaluator.py ; scripts\compare_clueground_vs_medgrounder_ci_v1.py,"training\three_task_clueground_vfm_finding_conditioned_canonical_v3\protocols\task_isolated\mscxr_multibox_1444\{train,val,eval}_inputs.jsonl",experiments\clueground_canonical_learned_reranker_noaux_assets_v1\FINAL_STATUS.json,results\main\clueground_1444_reranker_per_seed.csv,VERIFIED,"Main 1444 number of the revised manuscript. HGB scorer selected by 5-fold subject-grouped CV on train813 for every seed; alpha in {1.5, 2, 3} per seed on val124; gold-mutation audit 3/3 pass. Paired CIs vs MedGrounder include zero (results/comparison)."
I (revised),ClueGround (learned re-ranker),controlled local - ours,direct-888,638 phrases,87 phrases,163 phrases,163,13/42/2026,YOLO/RAD-DINO upstream 13/42/2026; re-ranker trained on train638; alpha on val87,variable-cardinality prediction saved; top-ranked box evaluated,mIoU=0.5539 +/- 0.0172; Hit@0.3=0.7996; Hit@0.5=0.6033,mIoU=0.5539 +/- 0.0172; Hit@0.3=0.7996; Hit@0.5=0.6033,True,scripts\run_clueground_direct888_learned_reranker_3seed_v1.py,src\baseline_repro\evaluator.py ; scripts\compare_direct888_ci_v1.py,"experiments\ms_cxr_medrpg_fair_retrain_final_v1\data\single_box_full_phrase\{train,val,eval}.csv",experiments\clueground_direct888_learned_reranker_3seed_v1\FINAL_STATUS.json,results\main\clueground_888_reranker_per_seed.csv,VERIFIED,Scorer family per seed: extra/hgb/hgb; alpha 1.5/6/4. MedRPG and TransVG remain higher on 888; paired CIs in results/comparison.
II (revised),YOLO only,component ablation,canonical-1444,813 groups / 996 boxes,124 groups / 164 boxes,220 groups / 280 boxes,220 phrase groups / 280 GT boxes,13/42/2026,13/42/2026; same seed-specific upstream as the main run,variable set,C-IoU=0.5229 +/- 0.0149; U-IoU=0.5232; F1@0.3=0.7625; F1@0.5=0.6148,C-IoU=0.5229 +/- 0.0149; U-IoU=0.5232; F1@0.3=0.7625; F1@0.5=0.6148,True,scripts\run_clueground_reranker_ablations_v1.py,src\baseline_repro\evaluator.py ; scripts\compare_clueground_vs_medgrounder_ci_v1.py,"training\three_task_clueground_vfm_finding_conditioned_canonical_v3\protocols\task_isolated\mscxr_multibox_1444\{train,val,eval}_inputs.jsonl",results\ablations\reranker_component_query_1444.csv,experiments\clueground_reranker_ablations_v1\per_seed_rows.csv,VERIFIED,YOLO-only retrains the scorer without dino_iou and re-selects alpha/calibration on val; RAD-DINO-only evaluates the RAD-DINO box alone; no-re-ranker row is the sealed hybrid-v4 (hand-weighted score).
II (revised),YOLO only,component ablation,direct-888,638 phrases,87 phrases,163 phrases,163,13/42/2026,13/42/2026,top-ranked box evaluated,mIoU=0.5391 +/- 0.0063; Hit@0.3=0.7587; Hit@0.5=0.6217,mIoU=0.5391 +/- 0.0063; Hit@0.3=0.7587; Hit@0.5=0.6217,True,scripts\run_clueground_reranker_ablations_888_v1.py,src\baseline_repro\evaluator.py ; scripts\compare_direct888_ci_v1.py,"experiments\ms_cxr_medrpg_fair_retrain_final_v1\data\single_box_full_phrase\{train,val,eval}.csv",results\ablations\reranker_component_query_888.csv,experiments\clueground_reranker_ablations_888_v1\per_seed_rows.csv,VERIFIED,Positive control reproduces the sealed re-ranker exactly with frozen downstream parameters.
II (revised),RAD-DINO only,component ablation,canonical-1444,813 groups / 996 boxes,124 groups / 164 boxes,220 groups / 280 boxes,220 phrase groups / 280 GT boxes,13/42/2026,13/42/2026; same seed-specific upstream as the main run,single box,C-IoU=0.4066 +/- 0.0075; U-IoU=0.4484; F1@0.3=0.6376; F1@0.5=0.3783,C-IoU=0.4066 +/- 0.0075; U-IoU=0.4484; F1@0.3=0.6376; F1@0.5=0.3783,True,scripts\run_clueground_reranker_ablations_v1.py,src\baseline_repro\evaluator.py ; scripts\compare_clueground_vs_medgrounder_ci_v1.py,"training\three_task_clueground_vfm_finding_conditioned_canonical_v3\protocols\task_isolated\mscxr_multibox_1444\{train,val,eval}_inputs.jsonl",results\ablations\reranker_component_query_1444.csv,experiments\clueground_reranker_ablations_v1\per_seed_rows.csv,VERIFIED,YOLO-only retrains the scorer without dino_iou and re-selects alpha/calibration on val; RAD-DINO-only evaluates the RAD-DINO box alone; no-re-ranker row is the sealed hybrid-v4 (hand-weighted score).
II (revised),RAD-DINO only,component ablation,direct-888,638 phrases,87 phrases,163 phrases,163,13/42/2026,13/42/2026,top-ranked box evaluated,mIoU=0.4717 +/- 0.0016; Hit@0.3=0.7382; Hit@0.5=0.4867,mIoU=0.4717 +/- 0.0016; Hit@0.3=0.7382; Hit@0.5=0.4867,True,scripts\run_clueground_reranker_ablations_888_v1.py,src\baseline_repro\evaluator.py ; scripts\compare_direct888_ci_v1.py,"experiments\ms_cxr_medrpg_fair_retrain_final_v1\data\single_box_full_phrase\{train,val,eval}.csv",results\ablations\reranker_component_query_888.csv,experiments\clueground_reranker_ablations_888_v1\per_seed_rows.csv,VERIFIED,Positive control reproduces the sealed re-ranker exactly with frozen downstream parameters.
II (revised),"YOLO + RAD-DINO, no re-ranker",component ablation,canonical-1444,813 groups / 996 boxes,124 groups / 164 boxes,220 groups / 280 boxes,220 phrase groups / 280 GT boxes,13/42/2026,13/42/2026; same seed-specific upstream as the main run,variable set,C-IoU=0.5210 +/- 0.0046; U-IoU=0.5206; F1@0.3=0.7627; F1@0.5=0.6003,C-IoU=0.5210 +/- 0.0046; U-IoU=0.5206; F1@0.3=0.7627; F1@0.5=0.6003,True,scripts\run_clueground_exact_hybrid_v4_direct_3seed_v1.py,src\baseline_repro\evaluator.py ; scripts\compare_clueground_vs_medgrounder_ci_v1.py,"training\three_task_clueground_vfm_finding_conditioned_canonical_v3\protocols\task_isolated\mscxr_multibox_1444\{train,val,eval}_inputs.jsonl",results\main\controlled_multibox_1444.csv,experiments\clueground_exact_hybrid_v4_route_specific_3seed_v3,VERIFIED,YOLO-only retrains the scorer without dino_iou and re-selects alpha/calibration on val; RAD-DINO-only evaluates the RAD-DINO box alone; no-re-ranker row is the sealed hybrid-v4 (hand-weighted score).
II (revised),"YOLO + RAD-DINO, no re-ranker",component ablation,direct-888,638 phrases,87 phrases,163 phrases,163,13/42/2026,13/42/2026,top-ranked box evaluated,mIoU=0.5486 +/- 0.0107; Hit@0.3=0.7730; Hit@0.5=0.6258,mIoU=0.5486 +/- 0.0107; Hit@0.3=0.7730; Hit@0.5=0.6258,True,scripts\run_clueground_exact_hybrid_v4_direct_3seed_v1.py,src\baseline_repro\evaluator.py ; scripts\compare_direct888_ci_v1.py,"experiments\ms_cxr_medrpg_fair_retrain_final_v1\data\single_box_full_phrase\{train,val,eval}.csv",results\main\controlled_singlebox_888.csv,experiments\clueground_exact_hybrid_v4_route_specific_3seed_v3,VERIFIED,Positive control reproduces the sealed re-ranker exactly with frozen downstream parameters.
III (revised),Full query,RAD-DINO query ablation,direct-888,638 phrases,87 phrases,163 phrases,163,13/42/2026,"13/42/2026; inference-time query masking, checkpoint fixed",top-ranked box evaluated,mIoU=0.5539 +/- 0.0172; Hit@0.3=0.7996; Hit@0.5=0.6033,mIoU=0.5539 +/- 0.0172; Hit@0.3=0.7996; Hit@0.5=0.6033,True,scripts\run_clueground_reranker_ablations_888_v1.py,src\baseline_repro\evaluator.py ; scripts\compare_direct888_ci_v1.py,"experiments\ms_cxr_medrpg_fair_retrain_final_v1\data\single_box_full_phrase\{train,val,eval}.csv",results\ablations\reranker_component_query_888.csv,experiments\clueground_reranker_ablations_888_v1\per_seed_rows.csv,VERIFIED,"Scorer, alpha, calibration and set parameters frozen; only the RAD-DINO box (and therefore dino_iou and the fusion input) changes."
IV (revised),Full query,RAD-DINO query ablation,canonical-1444,813 groups / 996 boxes,124 groups / 164 boxes,220 groups / 280 boxes,220 phrase groups / 280 GT boxes,13/42/2026,"13/42/2026; inference-time query masking, checkpoint fixed",variable set,C-IoU=0.5419 +/- 0.0034; U-IoU=0.5433; F1@0.3=0.7873; F1@0.5=0.6246,C-IoU=0.5419 +/- 0.0034; U-IoU=0.5433; F1@0.3=0.7873; F1@0.5=0.6246,True,scripts\run_clueground_reranker_ablations_v1.py,src\baseline_repro\evaluator.py ; scripts\compare_clueground_vs_medgrounder_ci_v1.py,"training\three_task_clueground_vfm_finding_conditioned_canonical_v3\protocols\task_isolated\mscxr_multibox_1444\{train,val,eval}_inputs.jsonl",results\ablations\reranker_component_query_1444.csv,experiments\clueground_reranker_ablations_v1\per_seed_rows.csv,VERIFIED,"Scorer, alpha, calibration and set parameters frozen; only the RAD-DINO box changes."
III (revised),Image + finding,RAD-DINO query ablation,direct-888,638 phrases,87 phrases,163 phrases,163,13/42/2026,"13/42/2026; inference-time query masking, checkpoint fixed",top-ranked box evaluated,mIoU=0.4907 +/- 0.0301; Hit@0.3=0.6994; Hit@0.5=0.5460,mIoU=0.4907 +/- 0.0301; Hit@0.3=0.6994; Hit@0.5=0.5460,True,scripts\run_clueground_reranker_ablations_888_v1.py,src\baseline_repro\evaluator.py ; scripts\compare_direct888_ci_v1.py,"experiments\ms_cxr_medrpg_fair_retrain_final_v1\data\single_box_full_phrase\{train,val,eval}.csv",results\ablations\reranker_component_query_888.csv,experiments\clueground_reranker_ablations_888_v1\per_seed_rows.csv,VERIFIED,"Scorer, alpha, calibration and set parameters frozen; only the RAD-DINO box (and therefore dino_iou and the fusion input) changes."
IV (revised),Image + finding,RAD-DINO query ablation,canonical-1444,813 groups / 996 boxes,124 groups / 164 boxes,220 groups / 280 boxes,220 phrase groups / 280 GT boxes,13/42/2026,"13/42/2026; inference-time query masking, checkpoint fixed",variable set,C-IoU=0.4959 +/- 0.0187; U-IoU=0.4971; F1@0.3=0.7037; F1@0.5=0.5663,C-IoU=0.4959 +/- 0.0187; U-IoU=0.4971; F1@0.3=0.7037; F1@0.5=0.5663,True,scripts\run_clueground_reranker_ablations_v1.py,src\baseline_repro\evaluator.py ; scripts\compare_clueground_vs_medgrounder_ci_v1.py,"training\three_task_clueground_vfm_finding_conditioned_canonical_v3\protocols\task_isolated\mscxr_multibox_1444\{train,val,eval}_inputs.jsonl",results\ablations\reranker_component_query_1444.csv,experiments\clueground_reranker_ablations_v1\per_seed_rows.csv,VERIFIED,"Scorer, alpha, calibration and set parameters frozen; only the RAD-DINO box changes."
III (revised),-f,RAD-DINO query ablation,direct-888,638 phrases,87 phrases,163 phrases,163,13/42/2026,"13/42/2026; inference-time query masking, checkpoint fixed",top-ranked box evaluated,mIoU=0.5392 +/- 0.0113; Hit@0.3=0.7832; Hit@0.5=0.5971,mIoU=0.5392 +/- 0.0113; Hit@0.3=0.7832; Hit@0.5=0.5971,True,scripts\run_clueground_reranker_ablations_888_v1.py,src\baseline_repro\evaluator.py ; scripts\compare_direct888_ci_v1.py,"experiments\ms_cxr_medrpg_fair_retrain_final_v1\data\single_box_full_phrase\{train,val,eval}.csv",results\ablations\reranker_component_query_888.csv,experiments\clueground_reranker_ablations_888_v1\per_seed_rows.csv,VERIFIED,"Scorer, alpha, calibration and set parameters frozen; only the RAD-DINO box (and therefore dino_iou and the fusion input) changes."
IV (revised),-f,RAD-DINO query ablation,canonical-1444,813 groups / 996 boxes,124 groups / 164 boxes,220 groups / 280 boxes,220 phrase groups / 280 GT boxes,13/42/2026,"13/42/2026; inference-time query masking, checkpoint fixed",variable set,C-IoU=0.5330 +/- 0.0066; U-IoU=0.5353; F1@0.3=0.7734; F1@0.5=0.6166,C-IoU=0.5330 +/- 0.0066; U-IoU=0.5353; F1@0.3=0.7734; F1@0.5=0.6166,True,scripts\run_clueground_reranker_ablations_v1.py,src\baseline_repro\evaluator.py ; scripts\compare_clueground_vs_medgrounder_ci_v1.py,"training\three_task_clueground_vfm_finding_conditioned_canonical_v3\protocols\task_isolated\mscxr_multibox_1444\{train,val,eval}_inputs.jsonl",results\ablations\reranker_component_query_1444.csv,experiments\clueground_reranker_ablations_v1\per_seed_rows.csv,VERIFIED,"Scorer, alpha, calibration and set parameters frozen; only the RAD-DINO box changes."
III (revised),-laterality,RAD-DINO query ablation,direct-888,638 phrases,87 phrases,163 phrases,163,13/42/2026,"13/42/2026; inference-time query masking, checkpoint fixed",top-ranked box evaluated,mIoU=0.5401 +/- 0.0205; Hit@0.3=0.7751; Hit@0.5=0.5971,mIoU=0.5401 +/- 0.0205; Hit@0.3=0.7751; Hit@0.5=0.5971,True,scripts\run_clueground_reranker_ablations_888_v1.py,src\baseline_repro\evaluator.py ; scripts\compare_direct888_ci_v1.py,"experiments\ms_cxr_medrpg_fair_retrain_final_v1\data\single_box_full_phrase\{train,val,eval}.csv",results\ablations\reranker_component_query_888.csv,experiments\clueground_reranker_ablations_888_v1\per_seed_rows.csv,VERIFIED,"Scorer, alpha, calibration and set parameters frozen; only the RAD-DINO box (and therefore dino_iou and the fusion input) changes."
IV (revised),-laterality,RAD-DINO query ablation,canonical-1444,813 groups / 996 boxes,124 groups / 164 boxes,220 groups / 280 boxes,220 phrase groups / 280 GT boxes,13/42/2026,"13/42/2026; inference-time query masking, checkpoint fixed",variable set,C-IoU=0.5262 +/- 0.0049; U-IoU=0.5286; F1@0.3=0.7642; F1@0.5=0.6067,C-IoU=0.5262 +/- 0.0049; U-IoU=0.5286; F1@0.3=0.7642; F1@0.5=0.6067,True,scripts\run_clueground_reranker_ablations_v1.py,src\baseline_repro\evaluator.py ; scripts\compare_clueground_vs_medgrounder_ci_v1.py,"training\three_task_clueground_vfm_finding_conditioned_canonical_v3\protocols\task_isolated\mscxr_multibox_1444\{train,val,eval}_inputs.jsonl",results\ablations\reranker_component_query_1444.csv,experiments\clueground_reranker_ablations_v1\per_seed_rows.csv,VERIFIED,"Scorer, alpha, calibration and set parameters frozen; only the RAD-DINO box changes."
III (revised),-vertical,RAD-DINO query ablation,direct-888,638 phrases,87 phrases,163 phrases,163,13/42/2026,"13/42/2026; inference-time query masking, checkpoint fixed",top-ranked box evaluated,mIoU=0.5471 +/- 0.0123; Hit@0.3=0.7894; Hit@0.5=0.6012,mIoU=0.5471 +/- 0.0123; Hit@0.3=0.7894; Hit@0.5=0.6012,True,scripts\run_clueground_reranker_ablations_888_v1.py,src\baseline_repro\evaluator.py ; scripts\compare_direct888_ci_v1.py,"experiments\ms_cxr_medrpg_fair_retrain_final_v1\data\single_box_full_phrase\{train,val,eval}.csv",results\ablations\reranker_component_query_888.csv,experiments\clueground_reranker_ablations_888_v1\per_seed_rows.csv,VERIFIED,"Scorer, alpha, calibration and set parameters frozen; only the RAD-DINO box (and therefore dino_iou and the fusion input) changes."
IV (revised),-vertical,RAD-DINO query ablation,canonical-1444,813 groups / 996 boxes,124 groups / 164 boxes,220 groups / 280 boxes,220 phrase groups / 280 GT boxes,13/42/2026,"13/42/2026; inference-time query masking, checkpoint fixed",variable set,C-IoU=0.5388 +/- 0.0026; U-IoU=0.5405; F1@0.3=0.7822; F1@0.5=0.6187,C-IoU=0.5388 +/- 0.0026; U-IoU=0.5405; F1@0.3=0.7822; F1@0.5=0.6187,True,scripts\run_clueground_reranker_ablations_v1.py,src\baseline_repro\evaluator.py ; scripts\compare_clueground_vs_medgrounder_ci_v1.py,"training\three_task_clueground_vfm_finding_conditioned_canonical_v3\protocols\task_isolated\mscxr_multibox_1444\{train,val,eval}_inputs.jsonl",results\ablations\reranker_component_query_1444.csv,experiments\clueground_reranker_ablations_v1\per_seed_rows.csv,VERIFIED,"Scorer, alpha, calibration and set parameters frozen; only the RAD-DINO box changes."
III (revised),-severity,RAD-DINO query ablation,direct-888,638 phrases,87 phrases,163 phrases,163,13/42/2026,"13/42/2026; inference-time query masking, checkpoint fixed",top-ranked box evaluated,mIoU=0.5510 +/- 0.0145; Hit@0.3=0.7955; Hit@0.5=0.6012,mIoU=0.5510 +/- 0.0145; Hit@0.3=0.7955; Hit@0.5=0.6012,True,scripts\run_clueground_reranker_ablations_888_v1.py,src\baseline_repro\evaluator.py ; scripts\compare_direct888_ci_v1.py,"experiments\ms_cxr_medrpg_fair_retrain_final_v1\data\single_box_full_phrase\{train,val,eval}.csv",results\ablations\reranker_component_query_888.csv,experiments\clueground_reranker_ablations_888_v1\per_seed_rows.csv,VERIFIED,"Scorer, alpha, calibration and set parameters frozen; only the RAD-DINO box (and therefore dino_iou and the fusion input) changes."
IV (revised),-severity,RAD-DINO query ablation,canonical-1444,813 groups / 996 boxes,124 groups / 164 boxes,220 groups / 280 boxes,220 phrase groups / 280 GT boxes,13/42/2026,"13/42/2026; inference-time query masking, checkpoint fixed",variable set,C-IoU=0.5393 +/- 0.0016; U-IoU=0.5405; F1@0.3=0.7865; F1@0.5=0.6272,C-IoU=0.5393 +/- 0.0016; U-IoU=0.5405; F1@0.3=0.7865; F1@0.5=0.6272,True,scripts\run_clueground_reranker_ablations_v1.py,src\baseline_repro\evaluator.py ; scripts\compare_clueground_vs_medgrounder_ci_v1.py,"training\three_task_clueground_vfm_finding_conditioned_canonical_v3\protocols\task_isolated\mscxr_multibox_1444\{train,val,eval}_inputs.jsonl",results\ablations\reranker_component_query_1444.csv,experiments\clueground_reranker_ablations_v1\per_seed_rows.csv,VERIFIED,"Scorer, alpha, calibration and set parameters frozen; only the RAD-DINO box changes."
III (revised),-uncertainty,RAD-DINO query ablation,direct-888,638 phrases,87 phrases,163 phrases,163,13/42/2026,"13/42/2026; inference-time query masking, checkpoint fixed",top-ranked box evaluated,mIoU=0.5532 +/- 0.0168; Hit@0.3=0.7996; Hit@0.5=0.6012,mIoU=0.5532 +/- 0.0168; Hit@0.3=0.7996; Hit@0.5=0.6012,True,scripts\run_clueground_reranker_ablations_888_v1.py,src\baseline_repro\evaluator.py ; scripts\compare_direct888_ci_v1.py,"experiments\ms_cxr_medrpg_fair_retrain_final_v1\data\single_box_full_phrase\{train,val,eval}.csv",results\ablations\reranker_component_query_888.csv,experiments\clueground_reranker_ablations_888_v1\per_seed_rows.csv,VERIFIED,"Scorer, alpha, calibration and set parameters frozen; only the RAD-DINO box (and therefore dino_iou and the fusion input) changes."
IV (revised),-uncertainty,RAD-DINO query ablation,canonical-1444,813 groups / 996 boxes,124 groups / 164 boxes,220 groups / 280 boxes,220 phrase groups / 280 GT boxes,13/42/2026,"13/42/2026; inference-time query masking, checkpoint fixed",variable set,C-IoU=0.5414 +/- 0.0004; U-IoU=0.5426; F1@0.3=0.7883; F1@0.5=0.6216,C-IoU=0.5414 +/- 0.0004; U-IoU=0.5426; F1@0.3=0.7883; F1@0.5=0.6216,True,scripts\run_clueground_reranker_ablations_v1.py,src\baseline_repro\evaluator.py ; scripts\compare_clueground_vs_medgrounder_ci_v1.py,"training\three_task_clueground_vfm_finding_conditioned_canonical_v3\protocols\task_isolated\mscxr_multibox_1444\{train,val,eval}_inputs.jsonl",results\ablations\reranker_component_query_1444.csv,experiments\clueground_reranker_ablations_v1\per_seed_rows.csv,VERIFIED,"Scorer, alpha, calibration and set parameters frozen; only the RAD-DINO box changes."
III (revised),-raw phrase hash (vq),RAD-DINO query ablation,direct-888,638 phrases,87 phrases,163 phrases,163,13/42/2026,"13/42/2026; inference-time query masking, checkpoint fixed",top-ranked box evaluated,mIoU=0.5415 +/- 0.0098; Hit@0.3=0.7751; Hit@0.5=0.5951,mIoU=0.5415 +/- 0.0098; Hit@0.3=0.7751; Hit@0.5=0.5951,True,scripts\run_clueground_reranker_ablations_888_v1.py,src\baseline_repro\evaluator.py ; scripts\compare_direct888_ci_v1.py,"experiments\ms_cxr_medrpg_fair_retrain_final_v1\data\single_box_full_phrase\{train,val,eval}.csv",results\ablations\reranker_component_query_888.csv,experiments\clueground_reranker_ablations_888_v1\per_seed_rows.csv,VERIFIED,"Scorer, alpha, calibration and set parameters frozen; only the RAD-DINO box (and therefore dino_iou and the fusion input) changes."
IV (revised),-raw phrase hash (vq),RAD-DINO query ablation,canonical-1444,813 groups / 996 boxes,124 groups / 164 boxes,220 groups / 280 boxes,220 phrase groups / 280 GT boxes,13/42/2026,"13/42/2026; inference-time query masking, checkpoint fixed",variable set,C-IoU=0.5336 +/- 0.0048; U-IoU=0.5343; F1@0.3=0.7719; F1@0.5=0.6133,C-IoU=0.5336 +/- 0.0048; U-IoU=0.5343; F1@0.3=0.7719; F1@0.5=0.6133,True,scripts\run_clueground_reranker_ablations_v1.py,src\baseline_repro\evaluator.py ; scripts\compare_clueground_vs_medgrounder_ci_v1.py,"training\three_task_clueground_vfm_finding_conditioned_canonical_v3\protocols\task_isolated\mscxr_multibox_1444\{train,val,eval}_inputs.jsonl",results\ablations\reranker_component_query_1444.csv,experiments\clueground_reranker_ablations_v1\per_seed_rows.csv,VERIFIED,"Scorer, alpha, calibration and set parameters frozen; only the RAD-DINO box changes."
