protocol,split,records,sha256,notes
direct-888,train,638,E7591453C488E8D84371FE577C08A1044C1A02D565A489C8C0F0179C23F43C92,CSV header excluded from record count
direct-888,val,87,C1280A210F00189F33F03A606D59FA6822766C3B531A9554791FF0D405420FDF,CSV header excluded from record count
direct-888,eval,163,BB51EC157118A7697AC9C2B0C76A3505D0605ECACC33CD0A2E64829D640BDECD,CSV header excluded from record count
legacy-1444,train,814,B0B328D1B2285F98956BA8EBAA77C0F9AC5D3E63936A27DD5AF4C0F73C295602,phrase groups
legacy-1444,val,125,CF43EA0D9AAA36F2D711B8BF72786136ED8A28FC1B3C8D9690FEDE89ACB96AB6,phrase groups
legacy-1444,eval,220,9F84A5AE772F3CB0A7DD5F335E3BE8E08ADEF6F5B3C3A80775C04CECD23015A3,phrase groups / 280 GT boxes
canonical-1444,train,813,9F7F6C6D05032904F7CE86D7D77FA57535DA19E528F63A6C14BB4DEADC9D70C7,phrase groups / 996 GT boxes
canonical-1444,val,124,D3243DE6B50C0B20FFE13737C142927BB44B5FBE378FFD57E4F236FDDD9198BA,phrase groups / 164 GT boxes
canonical-1444,eval,220,64B9C963477C8BBFE81B8C820AACE77BCB962EC70998987323FB5EB520AB80D8,phrase groups / 280 GT boxes
